Map Key,Point Key,File,Layer,Marker,Stop Number,Is Direction Stop,Point Name,Longitude,Latitude,Altitude
1gHUPcrsaFH_yc2pjp-VaDU1WsEbVJUJf,1gHUPcrsaFH_yc2pjp-VaDU1WsEbVJUJf-P1,2025.EIS.000099.kmz,"Directions from Starlight Sweaters Ltd. (Labib Group to Vogra Bypass school field, Dhaka - Mymensingh Road, Gazipur",A,1,TRUE,Starlight Sweaters Ltd. (Labib Group,90.377246,23.9787795,0
1gHUPcrsaFH_yc2pjp-VaDU1WsEbVJUJf,1gHUPcrsaFH_yc2pjp-VaDU1WsEbVJUJf-P2,2025.EIS.000099.kmz,"Directions from Starlight Sweaters Ltd. (Labib Group to Vogra Bypass school field, Dhaka - Mymensingh Road, Gazipur",B,2,TRUE,"X9HH+766, Gazipur, Bangladesh",90.3780526,23.978176,0
1gHUPcrsaFH_yc2pjp-VaDU1WsEbVJUJf,1gHUPcrsaFH_yc2pjp-VaDU1WsEbVJUJf-P3,2025.EIS.000099.kmz,"Directions from Starlight Sweaters Ltd. (Labib Group to Vogra Bypass school field, Dhaka - Mymensingh Road, Gazipur",C,3,TRUE,"Vogra Bypass school field, Dhaka - Mymensingh Road, Gazipur",90.3805239,23.9772926,0
1jTVvCGwxEVldCc6xBc9xw4wh99_Am7AM,1jTVvCGwxEVldCc6xBc9xw4wh99_Am7AM-P4,2026.EIS.000146.kmz,"Directions from JHVV+6FC, N1, Sonargaon, Bangladesh to ZAHEEN KNITWEARS LTD., Madanpur, N1, Bandar, N1",A,1,TRUE,"JHVV+6FC, N1, Sonargaon, Bangladesh",90.5931739,23.6434408,0
1jTVvCGwxEVldCc6xBc9xw4wh99_Am7AM,1jTVvCGwxEVldCc6xBc9xw4wh99_Am7AM-P5,2026.EIS.000146.kmz,"Directions from JHVV+6FC, N1, Sonargaon, Bangladesh to ZAHEEN KNITWEARS LTD., Madanpur, N1, Bandar, N1",B,2,TRUE,"JHRR+XFH, N1, Sonargaon, Bangladesh",90.5913481,23.6421427,0
1jTVvCGwxEVldCc6xBc9xw4wh99_Am7AM,1jTVvCGwxEVldCc6xBc9xw4wh99_Am7AM-P6,2026.EIS.000146.kmz,"Directions from JHVV+6FC, N1, Sonargaon, Bangladesh to ZAHEEN KNITWEARS LTD., Madanpur, N1, Bandar, N1",C,3,TRUE,"ZAHEEN KNITWEARS LTD., Madanpur, N1, Bandar, N1",90.5495556,23.6874792,0
1vYFbPqg4gcr_UcRMIUWaa-HkWd0JZKBC,1vYFbPqg4gcr_UcRMIUWaa-HkWd0JZKBC-P7,2025.EIS.000112.kmz,"Directions from Taqwa Fabrics Ltd. and Lantabur Apparels Ltd., Mawna to 5CX5+QV9, Mawna, Bangladesh",A,1,TRUE,"Taqwa Fabrics Ltd. and Lantabur Apparels Ltd., Mawna",90.406796,24.1957815,0
1vYFbPqg4gcr_UcRMIUWaa-HkWd0JZKBC,1vYFbPqg4gcr_UcRMIUWaa-HkWd0JZKBC-P8,2025.EIS.000112.kmz,"Directions from Taqwa Fabrics Ltd. and Lantabur Apparels Ltd., Mawna to 5CX5+QV9, Mawna, Bangladesh",B,2,TRUE,"24.198919, 90.408911",90.4088918,24.1989205,0
1vYFbPqg4gcr_UcRMIUWaa-HkWd0JZKBC,1vYFbPqg4gcr_UcRMIUWaa-HkWd0JZKBC-P9,2025.EIS.000112.kmz,"Directions from Taqwa Fabrics Ltd. and Lantabur Apparels Ltd., Mawna to 5CX5+QV9, Mawna, Bangladesh",C,3,TRUE,"5CX5+QV9, Mawna, Bangladesh",90.4088918,24.1989205,0
11nVksis7vf5vuATeV55TT6X7Zk3jU1O7,11nVksis7vf5vuATeV55TT6X7Zk3jU1O7-P10,2025.EIS.000052.kmz,"Directions from Ayet Ali Udayon Academy to ANANTA Casual Wear Ltd., Dhaka - Mymensingh Highway, Netrokona",A,1,TRUE,Ayet Ali Udayon Academy,90.3873673,23.929861,0
11nVksis7vf5vuATeV55TT6X7Zk3jU1O7,11nVksis7vf5vuATeV55TT6X7Zk3jU1O7-P11,2025.EIS.000052.kmz,"Directions from Ayet Ali Udayon Academy to ANANTA Casual Wear Ltd., Dhaka - Mymensingh Highway, Netrokona",B,2,TRUE,"Taragach, Tongi, Bangladesh",90.389116,23.9290333,0
11nVksis7vf5vuATeV55TT6X7Zk3jU1O7,11nVksis7vf5vuATeV55TT6X7Zk3jU1O7-P12,2025.EIS.000052.kmz,"Directions from Ayet Ali Udayon Academy to ANANTA Casual Wear Ltd., Dhaka - Mymensingh Highway, Netrokona",C,3,TRUE,"ANANTA Casual Wear Ltd., Dhaka - Mymensingh Highway, Netrokona",90.3892833,23.9290062,0
1mCadOG6blzVrPXs3nOU7BOYD219jIgFr,1mCadOG6blzVrPXs3nOU7BOYD219jIgFr-P13,2025.EIS.000086.kmz,"Directions from 24.172777, 90.432865 to Golden Refit Garments Ltd. (Factory), Dhaka - Mymensingh Road, গাজীপুর",A,1,TRUE,"24.172777, 90.432865",90.432866,24.172777,0
1mCadOG6blzVrPXs3nOU7BOYD219jIgFr,1mCadOG6blzVrPXs3nOU7BOYD219jIgFr-P14,2025.EIS.000086.kmz,"Directions from 24.172777, 90.432865 to Golden Refit Garments Ltd. (Factory), Dhaka - Mymensingh Road, গাজীপুর",B,2,TRUE,"24.167274, 90.428115",90.428131,24.16727,0
1mCadOG6blzVrPXs3nOU7BOYD219jIgFr,1mCadOG6blzVrPXs3nOU7BOYD219jIgFr-P15,2025.EIS.000086.kmz,"Directions from 24.172777, 90.432865 to Golden Refit Garments Ltd. (Factory), Dhaka - Mymensingh Road, গাজীপুর",C,3,TRUE,"Golden Refit Garments Ltd. (Factory), Dhaka - Mymensingh Road, গাজীপুর",90.427035,24.16743,0
1OTZcz0lqnpdDYNFf23qB9D4mrOJvAprk,1OTZcz0lqnpdDYNFf23qB9D4mrOJvAprk-P16,2025.EIS.000059.kmz,"Directions from Lariz Fashion Ltd./লারিজ ফ্যাশন লিমিটেড, Bandar to Gausia Khairia Jame Mosque",A,1,TRUE,"Lariz Fashion Ltd./লারিজ ফ্যাশন লিমিটেড, Bandar",90.5482314,23.6891871,0
1OTZcz0lqnpdDYNFf23qB9D4mrOJvAprk,1OTZcz0lqnpdDYNFf23qB9D4mrOJvAprk-P17,2025.EIS.000059.kmz,"Directions from Lariz Fashion Ltd./লারিজ ফ্যাশন লিমিটেড, Bandar to Gausia Khairia Jame Mosque",B,2,TRUE,"MGQX+F8M, N1, Bandar, Bangladesh",90.548068,23.6889508,0
1OTZcz0lqnpdDYNFf23qB9D4mrOJvAprk,1OTZcz0lqnpdDYNFf23qB9D4mrOJvAprk-P18,2025.EIS.000059.kmz,"Directions from Lariz Fashion Ltd./লারিজ ফ্যাশন লিমিটেড, Bandar to Gausia Khairia Jame Mosque",C,3,TRUE,Gausia Khairia Jame Mosque,90.5484873,23.6880428,0
1J2cSH3EynEEjNCeY7Vg-mNSwRwfNlfyD,1J2cSH3EynEEjNCeY7Vg-mNSwRwfNlfyD-P19,2025.EIS.000117.kmz,"Directions from Ettade Jeans Ltd, Chattogram to 9Q6F+5RJ, Chattogram 4217, Bangladesh",A,1,TRUE,"Ettade Jeans Ltd, Chattogram",91.8275876,22.3820058,0
1J2cSH3EynEEjNCeY7Vg-mNSwRwfNlfyD,1J2cSH3EynEEjNCeY7Vg-mNSwRwfNlfyD-P20,2025.EIS.000117.kmz,"Directions from Ettade Jeans Ltd, Chattogram to 9Q6F+5RJ, Chattogram 4217, Bangladesh",B,2,TRUE,"22.360010, 91.774799",91.7748063,22.36001,0
1J2cSH3EynEEjNCeY7Vg-mNSwRwfNlfyD,1J2cSH3EynEEjNCeY7Vg-mNSwRwfNlfyD-P21,2025.EIS.000117.kmz,"Directions from Ettade Jeans Ltd, Chattogram to 9Q6F+5RJ, Chattogram 4217, Bangladesh",C,3,TRUE,"9Q6F+5RJ, Chattogram 4217, Bangladesh",91.7744986,22.3611919,0
19jzQWqUgBXMmdBurvUOcCCoRZPH0ojdD,19jzQWqUgBXMmdBurvUOcCCoRZPH0ojdD-P22,2025.EIS.000049.kmz,"Directions from 387H+8F5, Bangladesh to Essential Clothing Limited, Mouchak - Fulbaria Road",A,1,TRUE,"387H+8F5, Bangladesh",90.3282598,24.0630034,0
19jzQWqUgBXMmdBurvUOcCCoRZPH0ojdD,19jzQWqUgBXMmdBurvUOcCCoRZPH0ojdD-P23,2025.EIS.000049.kmz,"Directions from 387H+8F5, Bangladesh to Essential Clothing Limited, Mouchak - Fulbaria Road",B,2,TRUE,"3878+JVC, Mouchak - Fulbaria Rd, Bangladesh",90.3180724,24.0645896,0
19jzQWqUgBXMmdBurvUOcCCoRZPH0ojdD,19jzQWqUgBXMmdBurvUOcCCoRZPH0ojdD-P24,2025.EIS.000049.kmz,"Directions from 387H+8F5, Bangladesh to Essential Clothing Limited, Mouchak - Fulbaria Road",C,3,TRUE,"Essential Clothing Limited, Mouchak - Fulbaria Road",90.3153283,24.0631819,0
1-0UItm7kfI6gahC5csPUoVfQrhLGkjwj,1-0UItm7kfI6gahC5csPUoVfQrhLGkjwj-P25,2025.EIS.000082.kmz,"Directions from Executive Greentex Ltd., Mc bajar, Mawna to Nambihin Rasta, Mawna, Bangladesh",A,1,TRUE,"Executive Greentex Ltd., Mc bajar, Mawna",90.3997638,24.237412,0
1-0UItm7kfI6gahC5csPUoVfQrhLGkjwj,1-0UItm7kfI6gahC5csPUoVfQrhLGkjwj-P26,2025.EIS.000082.kmz,"Directions from Executive Greentex Ltd., Mc bajar, Mawna to Nambihin Rasta, Mawna, Bangladesh",B,2,TRUE,"6CV2+MQF, Bangladesh",90.4022752,24.2441931,0
1-0UItm7kfI6gahC5csPUoVfQrhLGkjwj,1-0UItm7kfI6gahC5csPUoVfQrhLGkjwj-P27,2025.EIS.000082.kmz,"Directions from Executive Greentex Ltd., Mc bajar, Mawna to Nambihin Rasta, Mawna, Bangladesh",C,3,TRUE,"Nambihin Rasta, Mawna, Bangladesh",90.4111843,24.2319253,0
1-qWks6btdX-BXZSici4u7IzPRxIj9tH4,1-qWks6btdX-BXZSici4u7IzPRxIj9tH4-P28,2025.EIS.000088.kmz,"Directions from Manta Apparels Ltd. to Jamuna Bank Limited, Dhaka - Ashulia Highway, Jamgora",A,1,TRUE,Manta Apparels Ltd.,90.2957713,23.937488,0
1-qWks6btdX-BXZSici4u7IzPRxIj9tH4,1-qWks6btdX-BXZSici4u7IzPRxIj9tH4-P29,2025.EIS.000088.kmz,"Directions from Manta Apparels Ltd. to Jamuna Bank Limited, Dhaka - Ashulia Highway, Jamgora",B,2,TRUE,"পলাশবাড়ী পশ্চিমপাড়া তিন রাস্তার মোড়, nachim store, Ashulia",90.2582828,23.9325345,0
1-qWks6btdX-BXZSici4u7IzPRxIj9tH4,1-qWks6btdX-BXZSici4u7IzPRxIj9tH4-P30,2025.EIS.000088.kmz,"Directions from Manta Apparels Ltd. to Jamuna Bank Limited, Dhaka - Ashulia Highway, Jamgora",C,3,TRUE,"Jamuna Bank Limited, Dhaka - Ashulia Highway, Jamgora",90.2926559,23.9368778,0
1-zdxdMpVlnlVy9v4CMRPpVxvD9xEe0Hd,1-zdxdMpVlnlVy9v4CMRPpVxvD9xEe0Hd-P31,2025.EIS.000116.kmz,"Directions from Brothers Fashion Ltd. Team Group, Dhaka - Mymensingh Road, Gazipur to X9MJ+PJ7, Dhaka - Mymensingh Rd, Gazipur, Bangladesh",A,1,TRUE,"Brothers Fashion Ltd. Team Group, Dhaka - Mymensingh Road, Gazipur",90.3811368,23.9837991,0
1-zdxdMpVlnlVy9v4CMRPpVxvD9xEe0Hd,1-zdxdMpVlnlVy9v4CMRPpVxvD9xEe0Hd-P32,2025.EIS.000116.kmz,"Directions from Brothers Fashion Ltd. Team Group, Dhaka - Mymensingh Road, Gazipur to X9MJ+PJ7, Dhaka - Mymensingh Rd, Gazipur, Bangladesh",B,2,TRUE,"23.984407, 90.381377",90.3813782,23.9844105,0
1-zdxdMpVlnlVy9v4CMRPpVxvD9xEe0Hd,1-zdxdMpVlnlVy9v4CMRPpVxvD9xEe0Hd-P33,2025.EIS.000116.kmz,"Directions from Brothers Fashion Ltd. Team Group, Dhaka - Mymensingh Road, Gazipur to X9MJ+PJ7, Dhaka - Mymensingh Rd, Gazipur, Bangladesh",C,3,TRUE,"X9MJ+PJ7, Dhaka - Mymensingh Rd, Gazipur, Bangladesh",90.381513,23.9844436,0
10LePDoQzJu1XGiZUSUL4vkP-auMt-VK4,10LePDoQzJu1XGiZUSUL4vkP-auMt-VK4-P34,2026.EIS.000135.kmz,"Directions from 5CQG+G3, Mawna, Bangladesh to Fakhruddin Textile Mills Ltd., Unnamed Road, Mawna",A,1,TRUE,"5CQG+G3, Mawna, Bangladesh",90.4238438,24.1894327,0
10LePDoQzJu1XGiZUSUL4vkP-auMt-VK4,10LePDoQzJu1XGiZUSUL4vkP-auMt-VK4-P35,2026.EIS.000135.kmz,"Directions from 5CQG+G3, Mawna, Bangladesh to Fakhruddin Textile Mills Ltd., Unnamed Road, Mawna",B,2,TRUE,"5CQG+4PH, Mawna, Bangladesh",90.4267324,24.1878387,0
10LePDoQzJu1XGiZUSUL4vkP-auMt-VK4,10LePDoQzJu1XGiZUSUL4vkP-auMt-VK4-P36,2026.EIS.000135.kmz,"Directions from 5CQG+G3, Mawna, Bangladesh to Fakhruddin Textile Mills Ltd., Unnamed Road, Mawna",C,3,TRUE,"Fakhruddin Textile Mills Ltd., Unnamed Road, Mawna",90.4348121,24.1911731,0
11KDKd5yW71b-4T-YvRqPAsCh5MjU-PQQ,11KDKd5yW71b-4T-YvRqPAsCh5MjU-PQQ-P37,2025.EIS.000087.kmz,"Directions from Nambihin Rasta, Bangladesh to F7QG+VFR, Kochuyarpar, Bangladesh",A,1,TRUE,"Nambihin Rasta, Bangladesh",90.2851388,24.4942825,0
11KDKd5yW71b-4T-YvRqPAsCh5MjU-PQQ,11KDKd5yW71b-4T-YvRqPAsCh5MjU-PQQ-P38,2025.EIS.000087.kmz,"Directions from Nambihin Rasta, Bangladesh to F7QG+VFR, Kochuyarpar, Bangladesh",B,2,TRUE,"Green Textile Limited (GTL), EPIC Group, Z3037",90.3383288,24.4457461,0
11KDKd5yW71b-4T-YvRqPAsCh5MjU-PQQ,11KDKd5yW71b-4T-YvRqPAsCh5MjU-PQQ-P39,2025.EIS.000087.kmz,"Directions from Nambihin Rasta, Bangladesh to F7QG+VFR, Kochuyarpar, Bangladesh",C,3,TRUE,"F7QG+VFR, Kochuyarpar, Bangladesh",90.2763436,24.4901884,0
11ru-eoLZYOQQO26lFijc__UgPtvw4e9s,11ru-eoLZYOQQO26lFijc__UgPtvw4e9s-P40,2025.EIS.000070.kmz,"Directions from S. B Knit Composite Ltd., Link Rd, Dhaka to 68 North Delpara, নারায়ণগঞ্জ, Bangladesh",A,1,TRUE,"S. B Knit Composite Ltd., Link Rd, Dhaka",90.4847982,23.6712161,0
11ru-eoLZYOQQO26lFijc__UgPtvw4e9s,11ru-eoLZYOQQO26lFijc__UgPtvw4e9s-P41,2025.EIS.000070.kmz,"Directions from S. B Knit Composite Ltd., Link Rd, Dhaka to 68 North Delpara, নারায়ণগঞ্জ, Bangladesh",B,2,TRUE,"MFFM+G4F, Narayanganj, Bangladesh",90.4832912,23.6742257,0
11ru-eoLZYOQQO26lFijc__UgPtvw4e9s,11ru-eoLZYOQQO26lFijc__UgPtvw4e9s-P42,2025.EIS.000070.kmz,"Directions from S. B Knit Composite Ltd., Link Rd, Dhaka to 68 North Delpara, নারায়ণগঞ্জ, Bangladesh",C,3,TRUE,"68 North Delpara, নারায়ণগঞ্জ, Bangladesh",90.4739849,23.6726641,0
12UP--l-KfscenL_PAn3FVzXYKvvI6e5e,12UP--l-KfscenL_PAn3FVzXYKvvI6e5e-P43,2025.EIS.000076.kmz,"Directions from Shirt And Jacket Zone Ltd, Gobindopur, Dhaka to VG4F+PC8, Bangladesh",A,1,TRUE,"Shirt And Jacket Zone Ltd, Gobindopur, Dhaka",90.4513561,23.8824956,0
12UP--l-KfscenL_PAn3FVzXYKvvI6e5e,12UP--l-KfscenL_PAn3FVzXYKvvI6e5e-P44,2025.EIS.000076.kmz,"Directions from Shirt And Jacket Zone Ltd, Gobindopur, Dhaka to VG4F+PC8, Bangladesh",B,2,TRUE,"Ulukhola Bus Stop, Dhaka City Bypass, Bangladesh",90.4815408,23.8983678,0
12UP--l-KfscenL_PAn3FVzXYKvvI6e5e,12UP--l-KfscenL_PAn3FVzXYKvvI6e5e-P45,2025.EIS.000076.kmz,"Directions from Shirt And Jacket Zone Ltd, Gobindopur, Dhaka to VG4F+PC8, Bangladesh",C,3,TRUE,"VG4F+PC8, Bangladesh",90.5236385,23.8571502,0
12jaZkYZ6ofKLzh4_2eDoBHqha3qiHEwD,12jaZkYZ6ofKLzh4_2eDoBHqha3qiHEwD-P46,impress fashion.kmz,"Directions from Impress Fashion Limited, Tejgaon I/A, Dhaka to PCJJ+QF3, Dhaka, Bangladesh",A,1,TRUE,"Impress Fashion Limited, Tejgaon I/A, Dhaka",90.4021033,23.7698702,0
12jaZkYZ6ofKLzh4_2eDoBHqha3qiHEwD,12jaZkYZ6ofKLzh4_2eDoBHqha3qiHEwD-P47,impress fashion.kmz,"Directions from Impress Fashion Limited, Tejgaon I/A, Dhaka to PCJJ+QF3, Dhaka, Bangladesh",B,2,TRUE,"PCJH+R98, Dhaka, Bangladesh",90.4285287,23.7320953,0
12jaZkYZ6ofKLzh4_2eDoBHqha3qiHEwD,12jaZkYZ6ofKLzh4_2eDoBHqha3qiHEwD-P48,impress fashion.kmz,"Directions from Impress Fashion Limited, Tejgaon I/A, Dhaka to PCJJ+QF3, Dhaka, Bangladesh",C,3,TRUE,"PCJJ+QF3, Dhaka, Bangladesh",90.4312158,23.7318596,0
13UHb9wfTadqZkgCxBDD81_kioextAhxh,13UHb9wfTadqZkgCxBDD81_kioextAhxh-P49,2026.EIS.000130.kmz,"Directions from Pandora Sweaters Ltd., Gilar Chala Rd, Mawna to Gorgoria Master Bari, Dhaka - Mymensingh Rd, Mawna, Bangladesh",A,1,TRUE,"Pandora Sweaters Ltd., Gilar Chala Rd, Mawna",90.4243572,24.1875206,0
13UHb9wfTadqZkgCxBDD81_kioextAhxh,13UHb9wfTadqZkgCxBDD81_kioextAhxh-P50,2026.EIS.000130.kmz,"Directions from Pandora Sweaters Ltd., Gilar Chala Rd, Mawna to Gorgoria Master Bari, Dhaka - Mymensingh Rd, Mawna, Bangladesh",B,2,TRUE,"Gorgoria Master Bari Bazar Bus Stand, Dhaka - Mymensingh Road, Mawna",90.4265374,24.1878994,0
13UHb9wfTadqZkgCxBDD81_kioextAhxh,13UHb9wfTadqZkgCxBDD81_kioextAhxh-P51,2026.EIS.000130.kmz,"Directions from Pandora Sweaters Ltd., Gilar Chala Rd, Mawna to Gorgoria Master Bari, Dhaka - Mymensingh Rd, Mawna, Bangladesh",C,3,TRUE,"Gorgoria Master Bari, Dhaka - Mymensingh Rd, Mawna, Bangladesh",90.4272157,24.187803,0
14UBKiRgSnGf7P6ovRZ74OMNEsRaDT8pI,14UBKiRgSnGf7P6ovRZ74OMNEsRaDT8pI-P52,2025.EIS.000085.kmz,"Directions from Unimas Sportswear Limited, Bagbari to W7M5+GHC, Savar, Bangladesh",A,1,TRUE,"Unimas Sportswear Limited, Bagbari",90.3131367,23.9564056,0
14UBKiRgSnGf7P6ovRZ74OMNEsRaDT8pI,14UBKiRgSnGf7P6ovRZ74OMNEsRaDT8pI-P53,2025.EIS.000085.kmz,"Directions from Unimas Sportswear Limited, Bagbari to W7M5+GHC, Savar, Bangladesh",B,2,TRUE,"3 B1002, Baipayl, Bangladesh",90.2915451,23.9380488,0
14UBKiRgSnGf7P6ovRZ74OMNEsRaDT8pI,14UBKiRgSnGf7P6ovRZ74OMNEsRaDT8pI-P54,2025.EIS.000085.kmz,"Directions from Unimas Sportswear Limited, Bagbari to W7M5+GHC, Savar, Bangladesh",C,3,TRUE,"W7M5+GHC, Savar, Bangladesh",90.2586839,23.9337572,0
14URUK7xIssNQ9llBqYJ0dqtF0MUcNN8E,14URUK7xIssNQ9llBqYJ0dqtF0MUcNN8E-P55,2025.EIS.000083.kmz,"Directions from Tanzila Textile Ltd., Nabinagar - Chandra Road, Dhaka to 26GG+Q6R, জালসুকা রোড, Bangladesh",A,1,TRUE,"Tanzila Textile Ltd., Nabinagar - Chandra Road, Dhaka",90.2432112,24.0183548,0
14URUK7xIssNQ9llBqYJ0dqtF0MUcNN8E,14URUK7xIssNQ9llBqYJ0dqtF0MUcNN8E-P56,2025.EIS.000083.kmz,"Directions from Tanzila Textile Ltd., Nabinagar - Chandra Road, Dhaka to 26GG+Q6R, জালসুকা রোড, Bangladesh",B,2,TRUE,"Baroipara, Nabinagar - Chandra Rd, Bangladesh",90.2424617,24.0283584,0
14URUK7xIssNQ9llBqYJ0dqtF0MUcNN8E,14URUK7xIssNQ9llBqYJ0dqtF0MUcNN8E-P57,2025.EIS.000083.kmz,"Directions from Tanzila Textile Ltd., Nabinagar - Chandra Road, Dhaka to 26GG+Q6R, জালসুকা রোড, Bangladesh",C,3,TRUE,"26GG+Q6R, জালসুকা রোড, Bangladesh",90.224991,24.0250213,0
14oUIQJM5-yUr0pFPu8nhiQbMtjxRX7xJ,14oUIQJM5-yUr0pFPu8nhiQbMtjxRX7xJ-P58,2025.EIS.000115.kmz,"Directions from 286H+GJW, কোনাবাড়ী রিফুজি পাড়া রোড, Konabari to Zolo Knitware Limited, Mouchak - Fulbaria Rd",A,1,TRUE,"286H+GJW, কোনাবাড়ী রিফুজি পাড়া রোড, Konabari",90.3285662,24.0108221,0
14oUIQJM5-yUr0pFPu8nhiQbMtjxRX7xJ,14oUIQJM5-yUr0pFPu8nhiQbMtjxRX7xJ-P59,2025.EIS.000115.kmz,"Directions from 286H+GJW, কোনাবাড়ী রিফুজি পাড়া রোড, Konabari to Zolo Knitware Limited, Mouchak - Fulbaria Rd",B,2,TRUE,"ঢাকা - টাঙ্গাইল মহাসড়ক, কোনাবাড়ী",90.3220457,24.0108202,0
14oUIQJM5-yUr0pFPu8nhiQbMtjxRX7xJ,14oUIQJM5-yUr0pFPu8nhiQbMtjxRX7xJ-P60,2025.EIS.000115.kmz,"Directions from 286H+GJW, কোনাবাড়ী রিফুজি পাড়া রোড, Konabari to Zolo Knitware Limited, Mouchak - Fulbaria Rd",C,3,TRUE,"Zolo Knitware Limited, Mouchak - Fulbaria Rd",90.2988689,24.0299642,0
150-BKQ0XzmdLaMidO_M8TfP4jKJSSPJH,150-BKQ0XzmdLaMidO_M8TfP4jKJSSPJH-P61,2025.EIS.000081.kmz,"Directions from 35QP+PP5, Bangladesh to 35PJ+5WJ, Kaliakair, Bangladesh",A,1,TRUE,"35QP+PP5, Bangladesh",90.1869661,24.0892942,0
150-BKQ0XzmdLaMidO_M8TfP4jKJSSPJH,150-BKQ0XzmdLaMidO_M8TfP4jKJSSPJH-P62,2025.EIS.000081.kmz,"Directions from 35QP+PP5, Bangladesh to 35PJ+5WJ, Kaliakair, Bangladesh",B,2,TRUE,"35QP+GRV, Bangladesh",90.1872311,24.089156,0
150-BKQ0XzmdLaMidO_M8TfP4jKJSSPJH,150-BKQ0XzmdLaMidO_M8TfP4jKJSSPJH-P63,2025.EIS.000081.kmz,"Directions from 35QP+PP5, Bangladesh to 35PJ+5WJ, Kaliakair, Bangladesh",C,3,TRUE,"35PJ+5WJ, Kaliakair, Bangladesh",90.1831079,24.0853416,0
15ELFRwzic50Pgl6n8ihlfFwZ5924vn6Z,15ELFRwzic50Pgl6n8ihlfFwZ5924vn6Z-P64,2024.EIS.000040.kmz,"Directions from BRAC mor, Jora Pump Rd to KAROONi Fashion Limited, Shafipur - Majukhan Road, Gazipur",A,1,TRUE,"BRAC mor, Jora Pump Rd",90.2504184,24.0433875,0
15ELFRwzic50Pgl6n8ihlfFwZ5924vn6Z,15ELFRwzic50Pgl6n8ihlfFwZ5924vn6Z-P65,2024.EIS.000040.kmz,"Directions from BRAC mor, Jora Pump Rd to KAROONi Fashion Limited, Shafipur - Majukhan Road, Gazipur",B,2,TRUE,"Shafipur Bazar, Sinaboh Rd, Shafipur",90.2744957,24.0267835,0
15ELFRwzic50Pgl6n8ihlfFwZ5924vn6Z,15ELFRwzic50Pgl6n8ihlfFwZ5924vn6Z-P66,2024.EIS.000040.kmz,"Directions from BRAC mor, Jora Pump Rd to KAROONi Fashion Limited, Shafipur - Majukhan Road, Gazipur",C,3,TRUE,"KAROONi Fashion Limited, Shafipur - Majukhan Road, Gazipur",90.2770564,24.0407472,0
16APjkFTwLeEOooB0TMQXRkeo7Mx8Dpv1,16APjkFTwLeEOooB0TMQXRkeo7Mx8Dpv1-P67,2026.EIS.000127.kmz,"Directions from ambag, Ambag Road, Konabari to Fashion Summit Ltd.",A,1,TRUE,"ambag, Ambag Road, Konabari",90.3211096,24.0090648,0
16APjkFTwLeEOooB0TMQXRkeo7Mx8Dpv1,16APjkFTwLeEOooB0TMQXRkeo7Mx8Dpv1-P68,2026.EIS.000127.kmz,"Directions from ambag, Ambag Road, Konabari to Fashion Summit Ltd.",B,2,TRUE,"285G+V2G, BSCIC Main Rd, Konabari, Bangladesh",90.3250398,24.0097103,0
16APjkFTwLeEOooB0TMQXRkeo7Mx8Dpv1,16APjkFTwLeEOooB0TMQXRkeo7Mx8Dpv1-P69,2026.EIS.000127.kmz,"Directions from ambag, Ambag Road, Konabari to Fashion Summit Ltd.",C,3,TRUE,Fashion Summit Ltd.,90.3250333,24.009641,0
16x36mhOF7yQ3lB9aoqi372i3FxF7WPty,16x36mhOF7yQ3lB9aoqi372i3FxF7WPty-P70,2026.EIS.000150.kmz,"Directions from 23.798693, 90.267981 to Q7V9+Q2V, Hemayetpur, Bangladesh",A,1,TRUE,"23.798693, 90.267981",90.2679901,23.798695,0
16x36mhOF7yQ3lB9aoqi372i3FxF7WPty,16x36mhOF7yQ3lB9aoqi372i3FxF7WPty-P71,2026.EIS.000150.kmz,"Directions from 23.798693, 90.267981 to Q7V9+Q2V, Hemayetpur, Bangladesh",B,2,TRUE,"R727+M4J, Hemayetpur, Bangladesh",90.2627456,23.8016154,0
16x36mhOF7yQ3lB9aoqi372i3FxF7WPty,16x36mhOF7yQ3lB9aoqi372i3FxF7WPty-P72,2026.EIS.000150.kmz,"Directions from 23.798693, 90.267981 to Q7V9+Q2V, Hemayetpur, Bangladesh",C,3,TRUE,"Q7V9+Q2V, Hemayetpur, Bangladesh",90.2673902,23.7943596,0
17Qvd7aZ2nxCuETXcLxtPFJSmBmjtc7Pb,17Qvd7aZ2nxCuETXcLxtPFJSmBmjtc7Pb-P73,2025.EIS.000111.kmz,"Directions from International Classic Composite Ltd. (ICCL) to 23.99437195257282, 90.34847184417276",A,1,TRUE,International Classic Composite Ltd. (ICCL),90.3561445,23.9911834,0
17Qvd7aZ2nxCuETXcLxtPFJSmBmjtc7Pb,17Qvd7aZ2nxCuETXcLxtPFJSmBmjtc7Pb-P74,2025.EIS.000111.kmz,"Directions from International Classic Composite Ltd. (ICCL) to 23.99437195257282, 90.34847184417276",B,2,TRUE,"23.994438608174015, 90.34971478280174",90.3497342,23.9944626,0
17Qvd7aZ2nxCuETXcLxtPFJSmBmjtc7Pb,17Qvd7aZ2nxCuETXcLxtPFJSmBmjtc7Pb-P75,2025.EIS.000111.kmz,"Directions from International Classic Composite Ltd. (ICCL) to 23.99437195257282, 90.34847184417276",C,3,TRUE,"23.99437195257282, 90.34847184417276",90.3485022,23.9943871,0
17nHv3TU2kFdsG_lBSGkjyJfZtbILS_G-,17nHv3TU2kFdsG_lBSGkjyJfZtbILS_G--P76,2025.EIS.000069.kmz,"Directions from Graphics Textiles Limited, N 5, Dhamrai to Jadabpur,Union Council, Road, Dhantara",A,1,TRUE,"Graphics Textiles Limited, N 5, Dhamrai",90.1245166,23.9195238,0
17nHv3TU2kFdsG_lBSGkjyJfZtbILS_G-,17nHv3TU2kFdsG_lBSGkjyJfZtbILS_G--P77,2025.EIS.000069.kmz,"Directions from Graphics Textiles Limited, N 5, Dhamrai to Jadabpur,Union Council, Road, Dhantara",B,2,TRUE,"236H+2XH, Balia, Bangladesh",90.0798044,24.0099932,0
17nHv3TU2kFdsG_lBSGkjyJfZtbILS_G-,17nHv3TU2kFdsG_lBSGkjyJfZtbILS_G--P78,2025.EIS.000069.kmz,"Directions from Graphics Textiles Limited, N 5, Dhamrai to Jadabpur,Union Council, Road, Dhantara",C,3,TRUE,"Jadabpur,Union Council, Road, Dhantara",90.1386323,24.0182875,0
17x-VjBinSxoBiehRWRrtRBGYE98EGpxy,17x-VjBinSxoBiehRWRrtRBGYE98EGpxy-P79,2026.EIS.BEPZA.000022.kmz,"Directions from Hop Yick (BD) Ltd., Baipayl to Hazi Omer Ali School and College",A,1,TRUE,"Hop Yick (BD) Ltd., Baipayl",90.2679689,23.9490725,0
17x-VjBinSxoBiehRWRrtRBGYE98EGpxy,17x-VjBinSxoBiehRWRrtRBGYE98EGpxy-P80,2026.EIS.BEPZA.000022.kmz,"Directions from Hop Yick (BD) Ltd., Baipayl to Hazi Omer Ali School and College",B,2,TRUE,"Fountain Garments Mfg. Ltd., Kaicha Bari Road, Baipayl",90.2724438,23.9442873,0
17x-VjBinSxoBiehRWRrtRBGYE98EGpxy,17x-VjBinSxoBiehRWRrtRBGYE98EGpxy-P81,2026.EIS.BEPZA.000022.kmz,"Directions from Hop Yick (BD) Ltd., Baipayl to Hazi Omer Ali School and College",C,3,TRUE,Hazi Omer Ali School and College,90.2757261,23.9442651,0
18XGzamBIiqdFDptLDV7XAaC5dLsuxzxJ,18XGzamBIiqdFDptLDV7XAaC5dLsuxzxJ-P82,2025.EIS.000105.kmz,"Directions from 24.275708, 90.386438 to Farseeing Knit Composite Ltd.",A,1,TRUE,"24.275708, 90.386438",90.3864893,24.275708,0
18XGzamBIiqdFDptLDV7XAaC5dLsuxzxJ,18XGzamBIiqdFDptLDV7XAaC5dLsuxzxJ-P83,2025.EIS.000105.kmz,"Directions from 24.275708, 90.386438 to Farseeing Knit Composite Ltd.",B,2,TRUE,"Faridpur, Farching Road, 798W+JMH, Bangladesh",90.3966513,24.2664866,0
18XGzamBIiqdFDptLDV7XAaC5dLsuxzxJ,18XGzamBIiqdFDptLDV7XAaC5dLsuxzxJ-P84,2025.EIS.000105.kmz,"Directions from 24.275708, 90.386438 to Farseeing Knit Composite Ltd.",C,3,TRUE,Farseeing Knit Composite Ltd.,90.401789,24.2646531,0
18oTB5RG6FnD1cB_NPL3dQlkhz3kjAnhU,18oTB5RG6FnD1cB_NPL3dQlkhz3kjAnhU-P85,2025.EIS.000119.kmz,"Directions from Orient Allure Lingerie Ltd, Orient Allure Lingerie Ltd, কোনাবাড়ী কলেজ রোড, Konabari to 2876+G2V, Bangladesh",A,1,TRUE,"Orient Allure Lingerie Ltd, Orient Allure Lingerie Ltd, কোনাবাড়ী কলেজ রোড, Konabari",90.3098726,24.0120439,0
18oTB5RG6FnD1cB_NPL3dQlkhz3kjAnhU,18oTB5RG6FnD1cB_NPL3dQlkhz3kjAnhU-P86,2025.EIS.000119.kmz,"Directions from Orient Allure Lingerie Ltd, Orient Allure Lingerie Ltd, কোনাবাড়ী কলেজ রোড, Konabari to 2876+G2V, Bangladesh",B,2,TRUE,"2875+7W5, Dhaka - Tangail Hwy, Konabari 1700, Bangladesh",90.3102713,24.0131209,0
18oTB5RG6FnD1cB_NPL3dQlkhz3kjAnhU,18oTB5RG6FnD1cB_NPL3dQlkhz3kjAnhU-P87,2025.EIS.000119.kmz,"Directions from Orient Allure Lingerie Ltd, Orient Allure Lingerie Ltd, কোনাবাড়ী কলেজ রোড, Konabari to 2876+G2V, Bangladesh",C,3,TRUE,"2876+G2V, Bangladesh",90.3097708,24.0138731,0
1AGH3tHAstVb7E-0Omdp7VGhCh0D0JPrG,1AGH3tHAstVb7E-0Omdp7VGhCh0D0JPrG-P88,2025.EIS.000089.kmz,"Directions from Unimas Sportswear Limited, Bagbari to 23.9295085, 90.2611603",A,1,TRUE,"Unimas Sportswear Limited, Bagbari",90.3131367,23.9564056,0
1AGH3tHAstVb7E-0Omdp7VGhCh0D0JPrG,1AGH3tHAstVb7E-0Omdp7VGhCh0D0JPrG-P89,2025.EIS.000089.kmz,"Directions from Unimas Sportswear Limited, Bagbari to 23.9295085, 90.2611603",B,2,TRUE,"W7PV+Q2J, Dhaka - Ashulia Hwy, Jamgora, Bangladesh",90.2924337,23.9368721,0
1AGH3tHAstVb7E-0Omdp7VGhCh0D0JPrG,1AGH3tHAstVb7E-0Omdp7VGhCh0D0JPrG-P90,2025.EIS.000089.kmz,"Directions from Unimas Sportswear Limited, Bagbari to 23.9295085, 90.2611603",C,3,TRUE,"23.9295085, 90.2611603",90.2611605,23.9295099,0
1B9lq5R2tqgB44KlbnBXKobE9vq2HScQX,1B9lq5R2tqgB44KlbnBXKobE9vq2HScQX-P91,2026.EIS.000129.kmz,"Directions from V4CW+6RQ Rouha Jame Mosque, Rouha Bazaar Road, Rouha, Bangladesh to snowtex sportswear ltd",A,1,TRUE,"V4CW+6RQ Rouha Jame Mosque, Rouha Bazaar Road, Rouha, Bangladesh",90.1469645,23.8705232,0
1B9lq5R2tqgB44KlbnBXKobE9vq2HScQX,1B9lq5R2tqgB44KlbnBXKobE9vq2HScQX-P92,2026.EIS.000129.kmz,"Directions from V4CW+6RQ Rouha Jame Mosque, Rouha Bazaar Road, Rouha, Bangladesh to snowtex sportswear ltd",B,2,TRUE,Momo Fashions Ltd.,90.1810327,23.9118735,0
1B9lq5R2tqgB44KlbnBXKobE9vq2HScQX,1B9lq5R2tqgB44KlbnBXKobE9vq2HScQX-P93,2026.EIS.000129.kmz,"Directions from V4CW+6RQ Rouha Jame Mosque, Rouha Bazaar Road, Rouha, Bangladesh to snowtex sportswear ltd",C,3,TRUE,snowtex sportswear ltd,90.2072651,23.9102364,0
1BdGBxpedd2NKnjSU0YInSO_T51wJ9Cn8,1BdGBxpedd2NKnjSU0YInSO_T51wJ9Cn8-P94,2025.EIS.000079.kmz,"Directions from Wisdom Attires Limited, Narayanganj to East lalpur, Narayanganj, Bangladesh",A,1,TRUE,"Wisdom Attires Limited, Narayanganj",90.4778318,23.6453341,0
1BdGBxpedd2NKnjSU0YInSO_T51wJ9Cn8,1BdGBxpedd2NKnjSU0YInSO_T51wJ9Cn8-P95,2025.EIS.000079.kmz,"Directions from Wisdom Attires Limited, Narayanganj to East lalpur, Narayanganj, Bangladesh",B,2,TRUE,"Shibu Market, Narayanganj",90.4815441,23.642266,0
1BdGBxpedd2NKnjSU0YInSO_T51wJ9Cn8,1BdGBxpedd2NKnjSU0YInSO_T51wJ9Cn8-P96,2025.EIS.000079.kmz,"Directions from Wisdom Attires Limited, Narayanganj to East lalpur, Narayanganj, Bangladesh",C,3,TRUE,"East lalpur, Narayanganj, Bangladesh",90.4836358,23.6397485,0
1CVDauI6Mj34t93EY8CfVcLCt_a1yKEHI,1CVDauI6Mj34t93EY8CfVcLCt_a1yKEHI-P97,2025.EIS.000113.kmz,"Directions from bandia, Bhaluka 2240 to Green textile limited bhaluka",A,1,TRUE,"bandia, Bhaluka 2240",90.3866213,24.4079259,0
1CVDauI6Mj34t93EY8CfVcLCt_a1yKEHI,1CVDauI6Mj34t93EY8CfVcLCt_a1yKEHI-P98,2025.EIS.000113.kmz,"Directions from bandia, Bhaluka 2240 to Green textile limited bhaluka",B,2,TRUE,"bandia Meduary,Bhaluka,Mymenshingh",90.3277095,24.4407649,0
1CVDauI6Mj34t93EY8CfVcLCt_a1yKEHI,1CVDauI6Mj34t93EY8CfVcLCt_a1yKEHI-P99,2025.EIS.000113.kmz,"Directions from bandia, Bhaluka 2240 to Green textile limited bhaluka",C,3,TRUE,Green textile limited bhaluka,90.3383784,24.4453405,0
1Crk7BckM3RR1Yv_7PebAusiogD_ihpp-,1Crk7BckM3RR1Yv_7PebAusiogD_ihpp--P100,2025.EIS.000100.kmz,"Directions from Square DenimS Limited to 99R9+WCW, Dhamsur, Bangladesh",A,1,TRUE,Square DenimS Limited,90.3739299,24.3197473,0
1Crk7BckM3RR1Yv_7PebAusiogD_ihpp-,1Crk7BckM3RR1Yv_7PebAusiogD_ihpp--P101,2025.EIS.000100.kmz,"Directions from Square DenimS Limited to 99R9+WCW, Dhamsur, Bangladesh",B,2,TRUE,"Dhaka - Mymensingh Rd, Bangladesh",90.3749323,24.3548717,0
1Crk7BckM3RR1Yv_7PebAusiogD_ihpp-,1Crk7BckM3RR1Yv_7PebAusiogD_ihpp--P102,2025.EIS.000100.kmz,"Directions from Square DenimS Limited to 99R9+WCW, Dhamsur, Bangladesh",C,3,TRUE,"99R9+WCW, Dhamsur, Bangladesh",90.3690042,24.3919671,0
1DC-taRqhNiafUL8TKCyAiEYnOqxv5FMV,1DC-taRqhNiafUL8TKCyAiEYnOqxv5FMV-P103,2025.EIS.000101.kmz,"Directions from R7H4+6PC, Rajabari Rd, Savar, Bangladesh to R7H5+282, N5, Savar, Bangladesh",A,1,TRUE,"R7H4+6PC, Rajabari Rd, Savar, Bangladesh",90.2564864,23.8280506,0
1DC-taRqhNiafUL8TKCyAiEYnOqxv5FMV,1DC-taRqhNiafUL8TKCyAiEYnOqxv5FMV-P104,2025.EIS.000101.kmz,"Directions from R7H4+6PC, Rajabari Rd, Savar, Bangladesh to R7H5+282, N5, Savar, Bangladesh",B,2,TRUE,"Ulail Bridge, Savar, Bangladesh",90.258385,23.8281947,0
1DC-taRqhNiafUL8TKCyAiEYnOqxv5FMV,1DC-taRqhNiafUL8TKCyAiEYnOqxv5FMV-P105,2025.EIS.000101.kmz,"Directions from R7H4+6PC, Rajabari Rd, Savar, Bangladesh to R7H5+282, N5, Savar, Bangladesh",C,3,TRUE,"R7H5+282, N5, Savar, Bangladesh",90.2585327,23.8276127,0
1EzRLgWjauveDKddFo6Z6JQ1gJPDr79t4,1EzRLgWjauveDKddFo6Z6JQ1gJPDr79t4-P106,2025.EIS.000080.kmz,"Directions from How Are You Textile Industry Ltd., Dhaka - Mymensingh Highway, Mawna to মেঘলাল",A,1,TRUE,"How Are You Textile Industry Ltd., Dhaka - Mymensingh Highway, Mawna",90.4279349,24.1866741,0
1EzRLgWjauveDKddFo6Z6JQ1gJPDr79t4,1EzRLgWjauveDKddFo6Z6JQ1gJPDr79t4-P107,2025.EIS.000080.kmz,"Directions from How Are You Textile Industry Ltd., Dhaka - Mymensingh Highway, Mawna to মেঘলাল",B,2,TRUE,"38H9+V62, Gazipur 1750, Bangladesh",90.317927,24.0795304,0
1EzRLgWjauveDKddFo6Z6JQ1gJPDr79t4,1EzRLgWjauveDKddFo6Z6JQ1gJPDr79t4-P108,2025.EIS.000080.kmz,"Directions from How Are You Textile Industry Ltd., Dhaka - Mymensingh Highway, Mawna to মেঘলাল",C,3,TRUE,মেঘলাল,90.3100072,24.0350769,0
1FdNwDQ9nUVN52n5TQNuoEanUdnXot4bJ,1FdNwDQ9nUVN52n5TQNuoEanUdnXot4bJ-P109,2025.EIS.BEPZA.000005.kmz,"Directions from Kolshir Dighir Par, Chattogram to 7QPG+C6 Chattogram",A,1,TRUE,"Kolshir Dighir Par, Chattogram",91.7778286,22.3010361,0
1FdNwDQ9nUVN52n5TQNuoEanUdnXot4bJ,1FdNwDQ9nUVN52n5TQNuoEanUdnXot4bJ-P110,2025.EIS.BEPZA.000005.kmz,"Directions from Kolshir Dighir Par, Chattogram to 7QPG+C6 Chattogram",B,2,TRUE,7QQH+X5 Chattogram,91.7775466,22.2899147,0
1FdNwDQ9nUVN52n5TQNuoEanUdnXot4bJ,1FdNwDQ9nUVN52n5TQNuoEanUdnXot4bJ-P111,2025.EIS.BEPZA.000005.kmz,"Directions from Kolshir Dighir Par, Chattogram to 7QPG+C6 Chattogram",C,3,TRUE,7QPG+C6 Chattogram,91.7748856,22.2860219,0
1GR-YHFbhLt7aLhWX2NuNHOzDZEoQq10D,1GR-YHFbhLt7aLhWX2NuNHOzDZEoQq10D-P112,2024.EIS.000041.kmz,"Directions from বিশ্বাসপাড়া বায়তুন নুর কেন্দ্রীয় জামে মসজিদ to Sterling Designs Ltd. (STANDARD GROUP), N4",A,1,TRUE,বিশ্বাসপাড়া বায়তুন নুর কেন্দ্রীয় জামে মসজিদ,90.2631106,24.0296795,0
1GR-YHFbhLt7aLhWX2NuNHOzDZEoQq10D,1GR-YHFbhLt7aLhWX2NuNHOzDZEoQq10D-P113,2024.EIS.000041.kmz,"Directions from বিশ্বাসপাড়া বায়তুন নুর কেন্দ্রীয় জামে মসজিদ to Sterling Designs Ltd. (STANDARD GROUP), N4",B,2,TRUE,"আনসার একাডেমি ২ নং গেট, Dhaka - Tangail Highway",90.2654648,24.0303699,0
1GR-YHFbhLt7aLhWX2NuNHOzDZEoQq10D,1GR-YHFbhLt7aLhWX2NuNHOzDZEoQq10D-P114,2024.EIS.000041.kmz,"Directions from বিশ্বাসপাড়া বায়তুন নুর কেন্দ্রীয় জামে মসজিদ to Sterling Designs Ltd. (STANDARD GROUP), N4",C,3,TRUE,"Sterling Designs Ltd. (STANDARD GROUP), N4",90.2625727,24.0326215,0
1GfaRfLJnIIKQEZW94VCjBwPFj-S8jBG7,1GfaRfLJnIIKQEZW94VCjBwPFj-S8jBG7-P115,2025.EIS.000071.kmz,"Directions from Trust Knitwear Industries Limited, Road, Gazipur to 5CJG+9HR, Mawna, Bangladesh",A,1,TRUE,"Trust Knitwear Industries Limited, Road, Gazipur",90.4043986,24.1524135,0
1GfaRfLJnIIKQEZW94VCjBwPFj-S8jBG7,1GfaRfLJnIIKQEZW94VCjBwPFj-S8jBG7-P116,2025.EIS.000071.kmz,"Directions from Trust Knitwear Industries Limited, Road, Gazipur to 5CJG+9HR, Mawna, Bangladesh",B,2,TRUE,"Miracle Industries Limited, Dhaka - Mymensingh Hwy, Mawna 1740, Bangladesh",90.4249993,24.1958391,0
1GfaRfLJnIIKQEZW94VCjBwPFj-S8jBG7,1GfaRfLJnIIKQEZW94VCjBwPFj-S8jBG7-P117,2025.EIS.000071.kmz,"Directions from Trust Knitwear Industries Limited, Road, Gazipur to 5CJG+9HR, Mawna, Bangladesh",C,3,TRUE,"5CJG+9HR, Mawna, Bangladesh",90.4271488,24.1811581,0
1Gs3Qrt-2V7M-shMmHQWMiLDKAT3fVQpr,1Gs3Qrt-2V7M-shMmHQWMiLDKAT3fVQpr-P118,2026.EIS.BEPZA.000023.kmz,"Directions from Youngone Hi-Tech Sportswear Ind. Ltd., Youngone hi-tech, Baipayl to Unil Darul Ulum islamia Alim Madrasha",A,1,TRUE,"Youngone Hi-Tech Sportswear Ind. Ltd., Youngone hi-tech, Baipayl",90.2706929,23.9519806,0
1Gs3Qrt-2V7M-shMmHQWMiLDKAT3fVQpr,1Gs3Qrt-2V7M-shMmHQWMiLDKAT3fVQpr-P119,2026.EIS.BEPZA.000023.kmz,"Directions from Youngone Hi-Tech Sportswear Ind. Ltd., Youngone hi-tech, Baipayl to Unil Darul Ulum islamia Alim Madrasha",B,2,TRUE,"X63P+HM4, Bangladesh",90.2344792,23.95382,0
1Gs3Qrt-2V7M-shMmHQWMiLDKAT3fVQpr,1Gs3Qrt-2V7M-shMmHQWMiLDKAT3fVQpr-P120,2026.EIS.BEPZA.000023.kmz,"Directions from Youngone Hi-Tech Sportswear Ind. Ltd., Youngone hi-tech, Baipayl to Unil Darul Ulum islamia Alim Madrasha",C,3,TRUE,Unil Darul Ulum islamia Alim Madrasha,90.2260308,23.9529162,0
1HFLjP6fOv7Fs4ljnd33wn5oYy8sz7VHn,1HFLjP6fOv7Fs4ljnd33wn5oYy8sz7VHn-P121,EIS.2026.SP.000060.kmz,"Directions from X9HF+GCQ, Gazipur, Bangladesh to Meditex Industries Ltd., 913",A,1,TRUE,"X9HF+GCQ, Gazipur, Bangladesh",90.3735347,23.9788672,0
1HFLjP6fOv7Fs4ljnd33wn5oYy8sz7VHn,1HFLjP6fOv7Fs4ljnd33wn5oYy8sz7VHn-P122,EIS.2026.SP.000060.kmz,"Directions from X9HF+GCQ, Gazipur, Bangladesh to Meditex Industries Ltd., 913",B,2,TRUE,"X9Q5+R9J, Joydevpur - Tangail Hwy, Gazipur, Bangladesh",90.358546,23.9891137,0
1HFLjP6fOv7Fs4ljnd33wn5oYy8sz7VHn,1HFLjP6fOv7Fs4ljnd33wn5oYy8sz7VHn-P123,EIS.2026.SP.000060.kmz,"Directions from X9HF+GCQ, Gazipur, Bangladesh to Meditex Industries Ltd., 913",C,3,TRUE,"Meditex Industries Ltd., 913",90.3195904,24.0058042,0
1HhIMayEnYgeKqusg2mnQgcCSHBqtW-Sc,1HhIMayEnYgeKqusg2mnQgcCSHBqtW-Sc-P124,2024.EIS.000045.kmz,"Directions from VQ7H+3P5, Teota, Bangladesh to Tarasima Apparels Limited, N5, Manikganj",A,1,TRUE,"VQ7H+3P5, Teota, Bangladesh",89.7807106,23.8622522,0
1HhIMayEnYgeKqusg2mnQgcCSHBqtW-Sc,1HhIMayEnYgeKqusg2mnQgcCSHBqtW-Sc-P125,2024.EIS.000045.kmz,"Directions from VQ7H+3P5, Teota, Bangladesh to Tarasima Apparels Limited, N5, Manikganj",B,2,TRUE,"Bara Boali Bridge, Dhaka - Aricha Highway",89.7970778,23.839774,0
1HhIMayEnYgeKqusg2mnQgcCSHBqtW-Sc,1HhIMayEnYgeKqusg2mnQgcCSHBqtW-Sc-P126,2024.EIS.000045.kmz,"Directions from VQ7H+3P5, Teota, Bangladesh to Tarasima Apparels Limited, N5, Manikganj",C,3,TRUE,"Tarasima Apparels Limited, N5, Manikganj",90.0517183,23.9056592,0
1I2JMeClYgq6bJsrylUc66faI01AOfhyW,1I2JMeClYgq6bJsrylUc66faI01AOfhyW-P127,2026.EIS.000124.kmz,"Directions from ROBINTEX GROUP, Narayanganj to QHG6+PRV, Bangladesh",A,1,TRUE,"ROBINTEX GROUP, Narayanganj",90.5603543,23.7721794,0
1I2JMeClYgq6bJsrylUc66faI01AOfhyW,1I2JMeClYgq6bJsrylUc66faI01AOfhyW-P128,2026.EIS.000124.kmz,"Directions from ROBINTEX GROUP, Narayanganj to QHG6+PRV, Bangladesh",B,2,TRUE,"Robin Textiles, Bangladesh",90.5592395,23.7727562,0
1I2JMeClYgq6bJsrylUc66faI01AOfhyW,1I2JMeClYgq6bJsrylUc66faI01AOfhyW-P129,2026.EIS.000124.kmz,"Directions from ROBINTEX GROUP, Narayanganj to QHG6+PRV, Bangladesh",C,3,TRUE,"QHG6+PRV, Bangladesh",90.5621448,23.7770221,0
1IeqOOnS3gPwLeo1E1MKwcCIDcSIvt0Vi,1IeqOOnS3gPwLeo1E1MKwcCIDcSIvt0Vi-P130,2025.EIS.000055.kmz,"Directions from 3333 Saiham Nagar, Bangladesh to Pioneer Denim Limited, Shahpur Bazar, Madhabpur",A,1,TRUE,"3333 Saiham Nagar, Bangladesh",91.3881398,24.2715562,0
1IeqOOnS3gPwLeo1E1MKwcCIDcSIvt0Vi,1IeqOOnS3gPwLeo1E1MKwcCIDcSIvt0Vi-P131,2025.EIS.000055.kmz,"Directions from 3333 Saiham Nagar, Bangladesh to Pioneer Denim Limited, Shahpur Bazar, Madhabpur",B,2,TRUE,"Tower, N2, Bangladesh",91.3817753,24.2647218,0
1IeqOOnS3gPwLeo1E1MKwcCIDcSIvt0Vi,1IeqOOnS3gPwLeo1E1MKwcCIDcSIvt0Vi-P132,2025.EIS.000055.kmz,"Directions from 3333 Saiham Nagar, Bangladesh to Pioneer Denim Limited, Shahpur Bazar, Madhabpur",C,3,TRUE,"Pioneer Denim Limited, Shahpur Bazar, Madhabpur",91.3639012,24.2234152,0
1J-SzsxXvV4aorbFggrCm_uM5gIfLTx6L,1J-SzsxXvV4aorbFggrCm_uM5gIfLTx6L-P133,2026.EIS.000131.kmz,"Directions from SQUARE Fashions Limited, Dhaka - Mymensingh Road, Bhaluka to HCH3+H2R, Trishal - Balipara Rd, Bangladesh",A,1,TRUE,"SQUARE Fashions Limited, Dhaka - Mymensingh Road, Bhaluka",90.387278,24.2958965,0
1J-SzsxXvV4aorbFggrCm_uM5gIfLTx6L,1J-SzsxXvV4aorbFggrCm_uM5gIfLTx6L-P134,2026.EIS.000131.kmz,"Directions from SQUARE Fashions Limited, Dhaka - Mymensingh Road, Bhaluka to HCH3+H2R, Trishal - Balipara Rd, Bangladesh",B,2,TRUE,"H9MV+4W5 Trishal, Mymensingh",90.3948245,24.5827835,0
1J-SzsxXvV4aorbFggrCm_uM5gIfLTx6L,1J-SzsxXvV4aorbFggrCm_uM5gIfLTx6L-P135,2026.EIS.000131.kmz,"Directions from SQUARE Fashions Limited, Dhaka - Mymensingh Road, Bhaluka to HCH3+H2R, Trishal - Balipara Rd, Bangladesh",C,3,TRUE,"HCH3+H2R, Trishal - Balipara Rd, Bangladesh",90.4031227,24.5788503,0
1J7wKDgVfOzKhcPXqMoVdp2ClJ7cubwFa,1J7wKDgVfOzKhcPXqMoVdp2ClJ7cubwFa-P136,2025.EIS.000120.kmz,"Directions from Aleya Apparels Ltd., Singair Road, Hemayetpur to R73Q+5H4, Bongaon Union, Bangladesh",A,1,TRUE,"Aleya Apparels Ltd., Singair Road, Hemayetpur",90.2658354,23.7911617,0
1J7wKDgVfOzKhcPXqMoVdp2ClJ7cubwFa,1J7wKDgVfOzKhcPXqMoVdp2ClJ7cubwFa-P137,2025.EIS.000120.kmz,"Directions from Aleya Apparels Ltd., Singair Road, Hemayetpur to R73Q+5H4, Bongaon Union, Bangladesh",B,2,TRUE,"Maxcom International (BD) Limited, Dhaka - Aricha Highway, Hemayetpur",90.2674656,23.7928309,0
1J7wKDgVfOzKhcPXqMoVdp2ClJ7cubwFa,1J7wKDgVfOzKhcPXqMoVdp2ClJ7cubwFa-P138,2025.EIS.000120.kmz,"Directions from Aleya Apparels Ltd., Singair Road, Hemayetpur to R73Q+5H4, Bongaon Union, Bangladesh",C,3,TRUE,"R73Q+5H4, Bongaon Union, Bangladesh",90.2890597,23.802419,0
1JY3ZRu5jVQPCXA948xoJo6DcQPR2HF5B,1JY3ZRu5jVQPCXA948xoJo6DcQPR2HF5B-P139,2025.EIS.BEPZA.000014.kmz,"Directions from 9Q39+548, Chattogram, Bangladesh to 7QWF+3R Chattogram",A,1,TRUE,"9Q39+548, Chattogram, Bangladesh",91.7682464,22.3528159,0
1JY3ZRu5jVQPCXA948xoJo6DcQPR2HF5B,1JY3ZRu5jVQPCXA948xoJo6DcQPR2HF5B-P140,2025.EIS.BEPZA.000014.kmz,"Directions from 9Q39+548, Chattogram, Bangladesh to 7QWF+3R Chattogram",B,2,TRUE,"22.354859, 91.769748",91.769756,22.3548602,0
1JY3ZRu5jVQPCXA948xoJo6DcQPR2HF5B,1JY3ZRu5jVQPCXA948xoJo6DcQPR2HF5B-P141,2025.EIS.BEPZA.000014.kmz,"Directions from 9Q39+548, Chattogram, Bangladesh to 7QWF+3R Chattogram",C,3,TRUE,7QWF+3R Chattogram,91.7743046,22.2951766,0
1JgMF9WOQjqBSUpmc-QRKsPmjPgEj5E35,1JgMF9WOQjqBSUpmc-QRKsPmjPgEj5E35-P142,2025.EIS.000072.kmz,"Directions from W9PJ+H8X Tongi to Rupa Fabrics Ltd., Gacha Road, Tongi",A,1,TRUE,W9PJ+H8X Tongi,90.380813,23.9367577,0
1JgMF9WOQjqBSUpmc-QRKsPmjPgEj5E35,1JgMF9WOQjqBSUpmc-QRKsPmjPgEj5E35-P143,2025.EIS.000072.kmz,"Directions from W9PJ+H8X Tongi to Rupa Fabrics Ltd., Gacha Road, Tongi",B,2,TRUE,"W9PP+V77, Tongi, Bangladesh",90.3856841,23.9372343,0
1JgMF9WOQjqBSUpmc-QRKsPmjPgEj5E35,1JgMF9WOQjqBSUpmc-QRKsPmjPgEj5E35-P144,2025.EIS.000072.kmz,"Directions from W9PJ+H8X Tongi to Rupa Fabrics Ltd., Gacha Road, Tongi",C,3,TRUE,"Rupa Fabrics Ltd., Gacha Road, Tongi",90.3883427,23.9371241,0
1JkEPK6KHfgg_IkshryyBnnN8KtOKQoVd,1JkEPK6KHfgg_IkshryyBnnN8KtOKQoVd-P145,2025.EIS.000106.kmz,"Directions from Woo Ree Apparels Ltd., Savar to W9PW+267, Dakhhin Khailkur Rd, Tongi, Bangladesh",A,1,TRUE,"Woo Ree Apparels Ltd., Savar",90.2514223,23.8506733,0
1JkEPK6KHfgg_IkshryyBnnN8KtOKQoVd,1JkEPK6KHfgg_IkshryyBnnN8KtOKQoVd-P146,2025.EIS.000106.kmz,"Directions from Woo Ree Apparels Ltd., Savar to W9PW+267, Dakhhin Khailkur Rd, Tongi, Bangladesh",B,2,TRUE,"W9PP+8H3, Dhaka - Mymensingh Rd, Tongi, Bangladesh",90.3864194,23.9356481,0
1JkEPK6KHfgg_IkshryyBnnN8KtOKQoVd,1JkEPK6KHfgg_IkshryyBnnN8KtOKQoVd-P147,2025.EIS.000106.kmz,"Directions from Woo Ree Apparels Ltd., Savar to W9PW+267, Dakhhin Khailkur Rd, Tongi, Bangladesh",C,3,TRUE,"W9PW+267, Dakhhin Khailkur Rd, Tongi, Bangladesh",90.3956162,23.9350877,0
1JzeW0uH-Huhp9U4LE2pVUhQUnUasWfmr,1JzeW0uH-Huhp9U4LE2pVUhQUnUasWfmr-P148,EIS.2026.SP.000055.kmz,"Directions from PG6G+654, Kanchpur, Bangladesh to JOY AUTO GARMENTS LTD",A,1,TRUE,"PG6G+654, Kanchpur, Bangladesh",90.525518,23.7105989,0
1JzeW0uH-Huhp9U4LE2pVUhQUnUasWfmr,1JzeW0uH-Huhp9U4LE2pVUhQUnUasWfmr-P149,EIS.2026.SP.000055.kmz,"Directions from PG6G+654, Kanchpur, Bangladesh to JOY AUTO GARMENTS LTD",B,2,TRUE,"PG4F+99C, Kanchpur, Bangladesh",90.5232421,23.7057274,0
1JzeW0uH-Huhp9U4LE2pVUhQUnUasWfmr,1JzeW0uH-Huhp9U4LE2pVUhQUnUasWfmr-P150,EIS.2026.SP.000055.kmz,"Directions from PG6G+654, Kanchpur, Bangladesh to JOY AUTO GARMENTS LTD",C,3,TRUE,JOY AUTO GARMENTS LTD,90.5125625,23.6459586,0
1KR2Y3j7Bv3lmXKu3JZcSL0deI2tF8caj,1KR2Y3j7Bv3lmXKu3JZcSL0deI2tF8caj-P151,2026.EIS.000144.kmz,"Directions from X9WM+X55, Dhaka - Mymensingh Rd, Gazipur, Bangladesh to X9WM+R3G, Gazipur, Bangladesh",A,1,TRUE,"X9WM+X55, Dhaka - Mymensingh Rd, Gazipur, Bangladesh",90.3830389,23.9972381,0
1KR2Y3j7Bv3lmXKu3JZcSL0deI2tF8caj,1KR2Y3j7Bv3lmXKu3JZcSL0deI2tF8caj-P152,2026.EIS.000144.kmz,"Directions from X9WM+X55, Dhaka - Mymensingh Rd, Gazipur, Bangladesh to X9WM+R3G, Gazipur, Bangladesh",B,2,TRUE,"X9WJ+VXF Amin Super Market, Mymensing Rd, Gazipur 1702, Bangladesh",90.3825934,23.9972583,0
1KR2Y3j7Bv3lmXKu3JZcSL0deI2tF8caj,1KR2Y3j7Bv3lmXKu3JZcSL0deI2tF8caj-P153,2026.EIS.000144.kmz,"Directions from X9WM+X55, Dhaka - Mymensingh Rd, Gazipur, Bangladesh to X9WM+R3G, Gazipur, Bangladesh",C,3,TRUE,"X9WM+R3G, Gazipur, Bangladesh",90.3827076,23.9972475,0
1Kh_oOh-Q3glDwQPql9vPDZSwg0msbsSw,1Kh_oOh-Q3glDwQPql9vPDZSwg0msbsSw-P154,2025.EIS.000078.kmz,"Directions from Big Boss Corporation Ltd., SUKORNO Road to Ashulia polli biddut office, Mohammad ali market, Bangabandhu Road, Ashulia",A,1,TRUE,"Big Boss Corporation Ltd., SUKORNO Road",90.2840278,23.9852985,0
1Kh_oOh-Q3glDwQPql9vPDZSwg0msbsSw,1Kh_oOh-Q3glDwQPql9vPDZSwg0msbsSw-P155,2025.EIS.000078.kmz,"Directions from Big Boss Corporation Ltd., SUKORNO Road to Ashulia polli biddut office, Mohammad ali market, Bangabandhu Road, Ashulia",B,2,TRUE,"350 Sreepur - Kashimpur Road, Baipayl, Bangladesh",90.270975,23.960331,0
1Kh_oOh-Q3glDwQPql9vPDZSwg0msbsSw,1Kh_oOh-Q3glDwQPql9vPDZSwg0msbsSw-P156,2025.EIS.000078.kmz,"Directions from Big Boss Corporation Ltd., SUKORNO Road to Ashulia polli biddut office, Mohammad ali market, Bangabandhu Road, Ashulia",C,3,TRUE,"Ashulia polli biddut office, Mohammad ali market, Bangabandhu Road, Ashulia",90.3266914,23.896432,0
1KhykhqWxm7Pm4GCdNENWJyOoluMF4KkK,1KhykhqWxm7Pm4GCdNENWJyOoluMF4KkK-P157,2025.EIS.000064.kmz,"Directions from 6CVG+QMM, 1740, Bangladesh to Colour & Co Ltd., Barmi - Mawna Road, Mawna",A,1,TRUE,"6CVG+QMM, 1740, Bangladesh",90.4268157,24.2424556,0
1KhykhqWxm7Pm4GCdNENWJyOoluMF4KkK,1KhykhqWxm7Pm4GCdNENWJyOoluMF4KkK-P158,2025.EIS.000064.kmz,"Directions from 6CVG+QMM, 1740, Bangladesh to Colour & Co Ltd., Barmi - Mawna Road, Mawna",B,2,TRUE,"6CRG+F9H, Bangladesh",90.4255086,24.2411592,0
1KhykhqWxm7Pm4GCdNENWJyOoluMF4KkK,1KhykhqWxm7Pm4GCdNENWJyOoluMF4KkK-P159,2025.EIS.000064.kmz,"Directions from 6CVG+QMM, 1740, Bangladesh to Colour & Co Ltd., Barmi - Mawna Road, Mawna",C,3,TRUE,"Colour & Co Ltd., Barmi - Mawna Road, Mawna",90.4235757,24.2318919,0
1Krlvxij8yq2sYr-C4Rq_Prbo0lM8b19-,1Krlvxij8yq2sYr-C4Rq_Prbo0lM8b19--P160,2025.EIS.000108.kmz,"Directions from Mahmuda Attires Ltd. to 23°52'35.3""N 90°07'01.1""E",A,1,TRUE,Mahmuda Attires Ltd.,90.1128902,23.9174743,0
1Krlvxij8yq2sYr-C4Rq_Prbo0lM8b19-,1Krlvxij8yq2sYr-C4Rq_Prbo0lM8b19--P161,2025.EIS.000108.kmz,"Directions from Mahmuda Attires Ltd. to 23°52'35.3""N 90°07'01.1""E",B,2,TRUE,"23.919299, 90.122328",90.1223378,23.9192571,0
1Krlvxij8yq2sYr-C4Rq_Prbo0lM8b19-,1Krlvxij8yq2sYr-C4Rq_Prbo0lM8b19--P162,2025.EIS.000108.kmz,"Directions from Mahmuda Attires Ltd. to 23°52'35.3""N 90°07'01.1""E",C,3,TRUE,"23°52'35.3""N 90°07'01.1""E",90.1167989,23.8763816,0
1MGUHkvweeWK9n_ckgpVusRova1Obkar3,1MGUHkvweeWK9n_ckgpVusRova1Obkar3-P163,2025.EIS.000054.kmz,"Directions from Gawair, Dhaka to Creative Collections Ltd- Helipad, Tongi",A,1,TRUE,"Gawair, Dhaka",90.4153377,23.8586353,0
1MGUHkvweeWK9n_ckgpVusRova1Obkar3,1MGUHkvweeWK9n_ckgpVusRova1Obkar3-P164,2025.EIS.000054.kmz,"Directions from Gawair, Dhaka to Creative Collections Ltd- Helipad, Tongi",B,2,TRUE,"Airport Flyover, Dhaka",90.4080597,23.8510433,0
1MGUHkvweeWK9n_ckgpVusRova1Obkar3,1MGUHkvweeWK9n_ckgpVusRova1Obkar3-P165,2025.EIS.000054.kmz,"Directions from Gawair, Dhaka to Creative Collections Ltd- Helipad, Tongi",C,3,TRUE,"Creative Collections Ltd- Helipad, Tongi",90.393699,23.8981108,0
1Myvowh9_AtR4Tr8KBlSoj46Ss0aOyoWL,1Myvowh9_AtR4Tr8KBlSoj46Ss0aOyoWL-P166,crystal martin.kmz,"Directions from Crystal Martin Apperels Bangladesh Ltd to Mariali Central Jame Mosque, Salna - Joydebpur Road, Gazipur",A,1,TRUE,Crystal Martin Apperels Bangladesh Ltd,90.376676,24.3403837,0
1Myvowh9_AtR4Tr8KBlSoj46Ss0aOyoWL,1Myvowh9_AtR4Tr8KBlSoj46Ss0aOyoWL-P167,crystal martin.kmz,"Directions from Crystal Martin Apperels Bangladesh Ltd to Mariali Central Jame Mosque, Salna - Joydebpur Road, Gazipur",B,2,TRUE,"4CR9+H75, Dhaka - Mymensingh Rd, Bangladesh",90.4181164,24.141499,0
1Myvowh9_AtR4Tr8KBlSoj46Ss0aOyoWL,1Myvowh9_AtR4Tr8KBlSoj46Ss0aOyoWL-P168,crystal martin.kmz,"Directions from Crystal Martin Apperels Bangladesh Ltd to Mariali Central Jame Mosque, Salna - Joydebpur Road, Gazipur",C,3,TRUE,"Mariali Central Jame Mosque, Salna - Joydebpur Road, Gazipur",90.4072215,24.0075789,0
1NJZQeazJ7uOX6ReyYMrAdFuzbz4vVeCE,1NJZQeazJ7uOX6ReyYMrAdFuzbz4vVeCE-P169,2026.EIS.000155.kmz,"Directions from MG Shirtex Limited, Joydebpur - Tangail Highway, Gazipur to X9QW+8GV, Sardi Rd, Gazipur, Bangladesh",A,1,TRUE,"MG Shirtex Limited, Joydebpur - Tangail Highway, Gazipur",90.4112039,23.995051,0
1NJZQeazJ7uOX6ReyYMrAdFuzbz4vVeCE,1NJZQeazJ7uOX6ReyYMrAdFuzbz4vVeCE-P170,2026.EIS.000155.kmz,"Directions from MG Shirtex Limited, Joydebpur - Tangail Highway, Gazipur to X9QW+8GV, Sardi Rd, Gazipur, Bangladesh",B,2,TRUE,"XCV6+WGJ, Joydebpur Rd, Gazipur, Bangladesh",90.4112441,23.9947769,0
1NJZQeazJ7uOX6ReyYMrAdFuzbz4vVeCE,1NJZQeazJ7uOX6ReyYMrAdFuzbz4vVeCE-P171,2026.EIS.000155.kmz,"Directions from MG Shirtex Limited, Joydebpur - Tangail Highway, Gazipur to X9QW+8GV, Sardi Rd, Gazipur, Bangladesh",C,3,TRUE,"X9QW+8GV, Sardi Rd, Gazipur, Bangladesh",90.3965473,23.9883861,0
1NeYU_cswkFgAxF-iHAZIeOTuzAeW-P_l,1NeYU_cswkFgAxF-iHAZIeOTuzAeW-P_l-P172,2025.EIS.000104.kmz,"Directions from Nambihin Rasta, Bangladesh to Golden Son Limited, Ichanagar",A,1,TRUE,"Nambihin Rasta, Bangladesh",91.9373866,22.025265,0
1NeYU_cswkFgAxF-iHAZIeOTuzAeW-P_l,1NeYU_cswkFgAxF-iHAZIeOTuzAeW-P_l-P173,2025.EIS.000104.kmz,"Directions from Nambihin Rasta, Bangladesh to Golden Son Limited, Ichanagar",B,2,TRUE,"Chittagong-Anwara-Banshkhali Rd, Anowara, Bangladesh",91.8930089,22.2000332,0
1NeYU_cswkFgAxF-iHAZIeOTuzAeW-P_l,1NeYU_cswkFgAxF-iHAZIeOTuzAeW-P_l-P174,2025.EIS.000104.kmz,"Directions from Nambihin Rasta, Bangladesh to Golden Son Limited, Ichanagar",C,3,TRUE,"Golden Son Limited, Ichanagar",91.8412276,22.3135167,0
1NyTt2a6t1TwuKEZoHjkBGD047hA1YVMw,1NyTt2a6t1TwuKEZoHjkBGD047hA1YVMw-P175,2025.EIS.000110.kmz,Directions from Olio Apparels Limited to Dhaka 1230,A,1,TRUE,Olio Apparels Limited,90.4173042,23.8684001,0
1NyTt2a6t1TwuKEZoHjkBGD047hA1YVMw,1NyTt2a6t1TwuKEZoHjkBGD047hA1YVMw-P176,2025.EIS.000110.kmz,Directions from Olio Apparels Limited to Dhaka 1230,B,2,TRUE,"46 Shah Kabir Mazar Rd, Dhaka 1230, Bangladesh",90.4182938,23.8685579,0
1NyTt2a6t1TwuKEZoHjkBGD047hA1YVMw,1NyTt2a6t1TwuKEZoHjkBGD047hA1YVMw-P177,2025.EIS.000110.kmz,Directions from Olio Apparels Limited to Dhaka 1230,C,3,TRUE,Dhaka 1230,90.4217658,23.8697714,0
1OJtL0HRkMjGeeFwF5I_Oq65rTa31ZsOK,1OJtL0HRkMjGeeFwF5I_Oq65rTa31ZsOK-P178,2025.EIS.000090.kmz,"Directions from SQ Celsius Ltd. Unit-2,Jamirdia,Valuka,Mymensingh, Dhaka to 79MV+VGR, Dhaka - Mymensingh Rd, Bangladesh",A,1,TRUE,"SQ Celsius Ltd. Unit-2,Jamirdia,Valuka,Mymensingh, Dhaka",90.3937646,24.2852444,0
1OJtL0HRkMjGeeFwF5I_Oq65rTa31ZsOK,1OJtL0HRkMjGeeFwF5I_Oq65rTa31ZsOK-P179,2025.EIS.000090.kmz,"Directions from SQ Celsius Ltd. Unit-2,Jamirdia,Valuka,Mymensingh, Dhaka to 79MV+VGR, Dhaka - Mymensingh Rd, Bangladesh",B,2,TRUE,Joyna Bazar,90.3902703,24.3001427,0
1OJtL0HRkMjGeeFwF5I_Oq65rTa31ZsOK,1OJtL0HRkMjGeeFwF5I_Oq65rTa31ZsOK-P180,2025.EIS.000090.kmz,"Directions from SQ Celsius Ltd. Unit-2,Jamirdia,Valuka,Mymensingh, Dhaka to 79MV+VGR, Dhaka - Mymensingh Rd, Bangladesh",C,3,TRUE,"79MV+VGR, Dhaka - Mymensingh Rd, Bangladesh",90.3937603,24.2845806,0
1Q8Ax_GD9RJCIodWQLcJvUFIcoyQ98fvb,1Q8Ax_GD9RJCIodWQLcJvUFIcoyQ98fvb-P181,2025.EIS.000091.kmz,"Directions from Reliance Denim Industries., Sagorika Road By Lane, Chattogram to 8QWF+FXW, College Rd, Chittagong, Bangladesh",A,1,TRUE,"Reliance Denim Industries., Sagorika Road By Lane, Chattogram",91.7713163,22.3566719,0
1Q8Ax_GD9RJCIodWQLcJvUFIcoyQ98fvb,1Q8Ax_GD9RJCIodWQLcJvUFIcoyQ98fvb-P182,2025.EIS.000091.kmz,"Directions from Reliance Denim Industries., Sagorika Road By Lane, Chattogram to 8QWF+FXW, College Rd, Chittagong, Bangladesh",B,2,TRUE,"9Q4F+5MG, Sagorika Rd, Chittagong, Bangladesh",91.7740808,22.3555944,0
1Q8Ax_GD9RJCIodWQLcJvUFIcoyQ98fvb,1Q8Ax_GD9RJCIodWQLcJvUFIcoyQ98fvb-P183,2025.EIS.000091.kmz,"Directions from Reliance Denim Industries., Sagorika Road By Lane, Chattogram to 8QWF+FXW, College Rd, Chittagong, Bangladesh",C,3,TRUE,"8QWF+FXW, College Rd, Chittagong, Bangladesh",91.775024,22.3463734,0
1QAJx8wmtkYPNyoRH52UZC7UdRQZuIlgo,1QAJx8wmtkYPNyoRH52UZC7UdRQZuIlgo-P184,2025.EIS.000065.kmz,"Directions from Fakir Fashion Limited, Dhaka to Dumni, Dhaka",A,1,TRUE,"Fakir Fashion Limited, Dhaka",90.5874018,23.7839841,0
1QAJx8wmtkYPNyoRH52UZC7UdRQZuIlgo,1QAJx8wmtkYPNyoRH52UZC7UdRQZuIlgo-P185,2025.EIS.000065.kmz,"Directions from Fakir Fashion Limited, Dhaka to Dumni, Dhaka",B,2,TRUE,"Kanchan Bridge Toll Plaza, N105",90.5524287,23.8381703,0
1QAJx8wmtkYPNyoRH52UZC7UdRQZuIlgo,1QAJx8wmtkYPNyoRH52UZC7UdRQZuIlgo-P186,2025.EIS.000065.kmz,"Directions from Fakir Fashion Limited, Dhaka to Dumni, Dhaka",C,3,TRUE,"Dumni, Dhaka",90.4715056,23.8311352,0
1S50-cxMNx1Bl2TUyg4KQYQVj86uLOIVT,1S50-cxMNx1Bl2TUyg4KQYQVj86uLOIVT-P187,2026.EIS.000152.kmz,"Directions from 24.653320, 90.350802 to Bagan trishal, Bagan, Baghan, Mymensingh Division",A,1,TRUE,"24.653320, 90.350802",90.3507939,24.6533215,0
1S50-cxMNx1Bl2TUyg4KQYQVj86uLOIVT,1S50-cxMNx1Bl2TUyg4KQYQVj86uLOIVT-P188,2026.EIS.000152.kmz,"Directions from 24.653320, 90.350802 to Bagan trishal, Bagan, Baghan, Mymensingh Division",B,2,TRUE,"24.627500, 90.392214",90.392185,24.6273805,0
1S50-cxMNx1Bl2TUyg4KQYQVj86uLOIVT,1S50-cxMNx1Bl2TUyg4KQYQVj86uLOIVT-P189,2026.EIS.000152.kmz,"Directions from 24.653320, 90.350802 to Bagan trishal, Bagan, Baghan, Mymensingh Division",C,3,TRUE,"Bagan trishal, Bagan, Baghan, Mymensingh Division",90.4039068,24.5483485,0
1TwI9QszaE6fqxD7HyUQeQr27FuAGUnXX,1TwI9QszaE6fqxD7HyUQeQr27FuAGUnXX-P190,2025.EIS.BEPZA.000015.kmz,"Directions from 7QVQ+68C, F.M Sawdagar Rd, Chittagong, Bangladesh to Technical Apparels (Pvt.) Ltd., Chattogram",A,1,TRUE,"7QVQ+68C, F.M Sawdagar Rd, Chittagong, Bangladesh",91.7885532,22.2927653,0
1TwI9QszaE6fqxD7HyUQeQr27FuAGUnXX,1TwI9QszaE6fqxD7HyUQeQr27FuAGUnXX-P191,2025.EIS.BEPZA.000015.kmz,"Directions from 7QVQ+68C, F.M Sawdagar Rd, Chittagong, Bangladesh to Technical Apparels (Pvt.) Ltd., Chattogram",B,2,TRUE,"Universal Jeans Ltd., Chattogram",91.7778161,22.2961659,0
1TwI9QszaE6fqxD7HyUQeQr27FuAGUnXX,1TwI9QszaE6fqxD7HyUQeQr27FuAGUnXX-P192,2025.EIS.BEPZA.000015.kmz,"Directions from 7QVQ+68C, F.M Sawdagar Rd, Chittagong, Bangladesh to Technical Apparels (Pvt.) Ltd., Chattogram",C,3,TRUE,"Technical Apparels (Pvt.) Ltd., Chattogram",91.7735244,22.2968616,0
1U8DNfDObvebqd0XUeR8HPdJhlWkygaa5,1U8DNfDObvebqd0XUeR8HPdJhlWkygaa5-P193,2025.EIS.000102.kmz,"Directions from Latifpur School Rd, Chattogram 4317, Bangladesh to 9Q7H+729, Chattogram 4217, Bangladesh",A,1,TRUE,"Latifpur School Rd, Chattogram 4317, Bangladesh",91.7605914,22.3780882,0
1U8DNfDObvebqd0XUeR8HPdJhlWkygaa5,1U8DNfDObvebqd0XUeR8HPdJhlWkygaa5-P194,2025.EIS.000102.kmz,"Directions from Latifpur School Rd, Chattogram 4317, Bangladesh to 9Q7H+729, Chattogram 4217, Bangladesh",B,2,TRUE,"9Q8H+36V, Dhaka - Chittagong Hwy, Chittagong 4217, Bangladesh",91.7777173,22.3651859,0
1U8DNfDObvebqd0XUeR8HPdJhlWkygaa5,1U8DNfDObvebqd0XUeR8HPdJhlWkygaa5-P195,2025.EIS.000102.kmz,"Directions from Latifpur School Rd, Chattogram 4317, Bangladesh to 9Q7H+729, Chattogram 4217, Bangladesh",C,3,TRUE,"9Q7H+729, Chattogram 4217, Bangladesh",91.7781378,22.3635297,0
1U__gW5E6p2LWYfWgztAXf-rKIHx4-K1c,1U__gW5E6p2LWYfWgztAXf-rKIHx4-K1c-P196,EIS.2025.SP.000036.kmz,"Directions from Orient Allure Lingerie Ltd, Orient Allure Lingerie Ltd, কোনাবাড়ী কলেজ রোড, Konabari to 2877+8QP, Jailkhana Road, Konabari, Bangladesh",A,1,TRUE,"Orient Allure Lingerie Ltd, Orient Allure Lingerie Ltd, কোনাবাড়ী কলেজ রোড, Konabari",90.3084937,24.0123731,0
1U__gW5E6p2LWYfWgztAXf-rKIHx4-K1c,1U__gW5E6p2LWYfWgztAXf-rKIHx4-K1c-P197,EIS.2025.SP.000036.kmz,"Directions from Orient Allure Lingerie Ltd, Orient Allure Lingerie Ltd, কোনাবাড়ী কলেজ রোড, Konabari to 2877+8QP, Jailkhana Road, Konabari, Bangladesh",B,2,TRUE,"2876+5RJ, Konabari, Bangladesh",90.311828,24.012371,0
1U__gW5E6p2LWYfWgztAXf-rKIHx4-K1c,1U__gW5E6p2LWYfWgztAXf-rKIHx4-K1c-P198,EIS.2025.SP.000036.kmz,"Directions from Orient Allure Lingerie Ltd, Orient Allure Lingerie Ltd, কোনাবাড়ী কলেজ রোড, Konabari to 2877+8QP, Jailkhana Road, Konabari, Bangladesh",C,3,TRUE,"2877+8QP, Jailkhana Road, Konabari, Bangladesh",90.3143298,24.0132453,0
1VLoIUmpm6onWe-fmCX-ZkJ4aLntkjyX5,1VLoIUmpm6onWe-fmCX-ZkJ4aLntkjyX5-P199,2026.EIS.000143.kmz,"Directions from Chorka Textile Ltd. to VHGH+2VR, Kurial Rd, Bholabo Union, Bangladesh",A,1,TRUE,Chorka Textile Ltd.,90.5740405,23.8973193,0
1VLoIUmpm6onWe-fmCX-ZkJ4aLntkjyX5,1VLoIUmpm6onWe-fmCX-ZkJ4aLntkjyX5-P200,2026.EIS.000143.kmz,"Directions from Chorka Textile Ltd. to VHGH+2VR, Kurial Rd, Bholabo Union, Bangladesh",B,2,TRUE,"WH2P+2H3, Bangladesh",90.5864282,23.9004517,0
1VLoIUmpm6onWe-fmCX-ZkJ4aLntkjyX5,1VLoIUmpm6onWe-fmCX-ZkJ4aLntkjyX5-P201,2026.EIS.000143.kmz,"Directions from Chorka Textile Ltd. to VHGH+2VR, Kurial Rd, Bholabo Union, Bangladesh",C,3,TRUE,"VHGH+2VR, Kurial Rd, Bholabo Union, Bangladesh",90.5795551,23.8749845,0
1X7-mO2w1mIGGUEOTf_9T6GjAkja-w2jk,1X7-mO2w1mIGGUEOTf_9T6GjAkja-w2jk-P202,2024.EIS.000044.kmz,"Directions from Nambihin Rasta, Bangladesh to Tarasima Apparels Limited, N5, Manikganj",A,1,TRUE,"Nambihin Rasta, Bangladesh",89.7788294,23.85004,0
1X7-mO2w1mIGGUEOTf_9T6GjAkja-w2jk,1X7-mO2w1mIGGUEOTf_9T6GjAkja-w2jk-P203,2024.EIS.000044.kmz,"Directions from Nambihin Rasta, Bangladesh to Tarasima Apparels Limited, N5, Manikganj",B,2,TRUE,"Bara Boali Bridge, Dhaka - Aricha Highway",89.7970778,23.839774,0
1X7-mO2w1mIGGUEOTf_9T6GjAkja-w2jk,1X7-mO2w1mIGGUEOTf_9T6GjAkja-w2jk-P204,2024.EIS.000044.kmz,"Directions from Nambihin Rasta, Bangladesh to Tarasima Apparels Limited, N5, Manikganj",C,3,TRUE,"Tarasima Apparels Limited, N5, Manikganj",90.0517183,23.9056592,0
1YGGZV1SXwdqiI4-7QaGCdeS1R-kuQrDO,1YGGZV1SXwdqiI4-7QaGCdeS1R-kuQrDO-P205,2026.EIS.000132.kmz,"Directions from Blue Planet Knitwear Limited, Tengra to bhuiya store ভূইয়া স্টোর, Mawna",A,1,TRUE,"Blue Planet Knitwear Limited, Tengra",90.4166022,24.2306973,0
1YGGZV1SXwdqiI4-7QaGCdeS1R-kuQrDO,1YGGZV1SXwdqiI4-7QaGCdeS1R-kuQrDO-P206,2026.EIS.000132.kmz,"Directions from Blue Planet Knitwear Limited, Tengra to bhuiya store ভূইয়া স্টোর, Mawna",B,2,TRUE,"Chairman Bari Masjid, Mawna",90.4161657,24.2259921,0
1YGGZV1SXwdqiI4-7QaGCdeS1R-kuQrDO,1YGGZV1SXwdqiI4-7QaGCdeS1R-kuQrDO-P207,2026.EIS.000132.kmz,"Directions from Blue Planet Knitwear Limited, Tengra to bhuiya store ভূইয়া স্টোর, Mawna",C,3,TRUE,"bhuiya store ভূইয়া স্টোর, Mawna",90.4165514,24.2237495,0
1Z4zJCINJXb8txcYs_J3zgLstsnyiUnNF,1Z4zJCINJXb8txcYs_J3zgLstsnyiUnNF-P208,2026.EIS.000140.kmz,"Directions from B-65/3,Lakuriapara, 1350, Dhamrai 1350 to 23.901720, 90.193149",A,1,TRUE,"B-65/3,Lakuriapara, 1350, Dhamrai 1350",90.2128176,23.9149586,0
1Z4zJCINJXb8txcYs_J3zgLstsnyiUnNF,1Z4zJCINJXb8txcYs_J3zgLstsnyiUnNF-P209,2026.EIS.000140.kmz,"Directions from B-65/3,Lakuriapara, 1350, Dhamrai 1350 to 23.901720, 90.193149",B,2,TRUE,"W56V+2GG, Dhaka-Aricha Hwy",90.1938231,23.9100419,0
1Z4zJCINJXb8txcYs_J3zgLstsnyiUnNF,1Z4zJCINJXb8txcYs_J3zgLstsnyiUnNF-P210,2026.EIS.000140.kmz,"Directions from B-65/3,Lakuriapara, 1350, Dhamrai 1350 to 23.901720, 90.193149",C,3,TRUE,"23.901720, 90.193149",90.1931715,23.9017204,0
1aCGQAuPKMLjws8DEbBjkhVp1G-FVRj_5,1aCGQAuPKMLjws8DEbBjkhVp1G-FVRj_5-P211,2025.EIS.000061.kmz,"Directions from Colotex Apparel Limited- কলোটেক্স এ্যাপারেল লিমিটেড, Gazipur to Telipara, Gazipur",A,1,TRUE,"Colotex Apparel Limited- কলোটেক্স এ্যাপারেল লিমিটেড, Gazipur",90.3845102,24.0182957,0
1aCGQAuPKMLjws8DEbBjkhVp1G-FVRj_5,1aCGQAuPKMLjws8DEbBjkhVp1G-FVRj_5-P212,2025.EIS.000061.kmz,"Directions from Colotex Apparel Limited- কলোটেক্স এ্যাপারেল লিমিটেড, Gazipur to Telipara, Gazipur",B,2,TRUE,"Teknagopara,Behind S S Filling Station, Gazipur",90.3831964,24.0049259,0
1aCGQAuPKMLjws8DEbBjkhVp1G-FVRj_5,1aCGQAuPKMLjws8DEbBjkhVp1G-FVRj_5-P213,2025.EIS.000061.kmz,"Directions from Colotex Apparel Limited- কলোটেক্স এ্যাপারেল লিমিটেড, Gazipur to Telipara, Gazipur",C,3,TRUE,"Telipara, Gazipur",90.3854164,23.9963195,0
1arQJKkJbM3U5rOEwbBPZ7FK_q69oE1uo,1arQJKkJbM3U5rOEwbBPZ7FK_q69oE1uo-P214,2026.EIS.000156.kmz,"Directions from Seedstore Bazar, Dhaka - Mymensingh Road, ঢাকা to Sultana Sweaters Limited (Labib Group)",A,1,TRUE,"Seedstore Bazar, Dhaka - Mymensingh Road, ঢাকা",90.3769948,24.3319774,0
1arQJKkJbM3U5rOEwbBPZ7FK_q69oE1uo,1arQJKkJbM3U5rOEwbBPZ7FK_q69oE1uo-P215,2026.EIS.000156.kmz,"Directions from Seedstore Bazar, Dhaka - Mymensingh Road, ঢাকা to Sultana Sweaters Limited (Labib Group)",B,2,TRUE,"89QF+VJ, Awalatuli, Bangladesh",90.3742167,24.3397976,0
1arQJKkJbM3U5rOEwbBPZ7FK_q69oE1uo,1arQJKkJbM3U5rOEwbBPZ7FK_q69oE1uo-P216,2026.EIS.000156.kmz,"Directions from Seedstore Bazar, Dhaka - Mymensingh Road, ঢাকা to Sultana Sweaters Limited (Labib Group)",C,3,TRUE,Sultana Sweaters Limited (Labib Group),90.3738477,24.3515915,0
1boVZ3nc1NEqxQAODMQTptYe7gvshW3P2,1boVZ3nc1NEqxQAODMQTptYe7gvshW3P2-P217,2025.EIS.000114.kmz,"Directions from JHXP+V44, Sonargaon, Bangladesh to JHXQ+2QP, Sonargaon, Bangladesh",A,1,TRUE,"JHXP+V44, Sonargaon, Bangladesh",90.5850756,23.6494952,0
1boVZ3nc1NEqxQAODMQTptYe7gvshW3P2,1boVZ3nc1NEqxQAODMQTptYe7gvshW3P2-P218,2025.EIS.000114.kmz,"Directions from JHXP+V44, Sonargaon, Bangladesh to JHXQ+2QP, Sonargaon, Bangladesh",B,2,TRUE,"JHXP+H7X, N1, Sonargaon, Bangladesh",90.5855875,23.6491935,0
1boVZ3nc1NEqxQAODMQTptYe7gvshW3P2,1boVZ3nc1NEqxQAODMQTptYe7gvshW3P2-P219,2025.EIS.000114.kmz,"Directions from JHXP+V44, Sonargaon, Bangladesh to JHXQ+2QP, Sonargaon, Bangladesh",C,3,TRUE,"JHXQ+2QP, Sonargaon, Bangladesh",90.5897318,23.6474875,0
1eeaapX4S0W2eq_p9qhfFthhDnTamnxX0,1eeaapX4S0W2eq_p9qhfFthhDnTamnxX0-P220,2026.EIS.000126.kmz,Directions from Delowar Company Jame Masjid to Chattogram Asian Apparels Ltd,A,1,TRUE,Delowar Company Jame Masjid,91.8272667,22.3937293,0
1eeaapX4S0W2eq_p9qhfFthhDnTamnxX0,1eeaapX4S0W2eq_p9qhfFthhDnTamnxX0-P221,2026.EIS.000126.kmz,Directions from Delowar Company Jame Masjid to Chattogram Asian Apparels Ltd,B,2,TRUE,"202-205 Bayazid Bostami Rd, Chittagong, Bangladesh",91.8156407,22.3927525,0
1eeaapX4S0W2eq_p9qhfFthhDnTamnxX0,1eeaapX4S0W2eq_p9qhfFthhDnTamnxX0-P222,2026.EIS.000126.kmz,Directions from Delowar Company Jame Masjid to Chattogram Asian Apparels Ltd,C,3,TRUE,Chattogram Asian Apparels Ltd,91.812519,22.3833073,0
1glCWjUkunb53ol4WZeo9BNhP_qehaVfg,1glCWjUkunb53ol4WZeo9BNhP_qehaVfg-P223,2025.EIS.000066.kmz,"Directions from 5C4H+FPH, Mahona Bhabanipur, Bangladesh to 5C5J+3H4, Bangladesh",A,1,TRUE,"5C4H+FPH, Mahona Bhabanipur, Bangladesh",90.4290075,24.1563915,0
1glCWjUkunb53ol4WZeo9BNhP_qehaVfg,1glCWjUkunb53ol4WZeo9BNhP_qehaVfg-P224,2025.EIS.000066.kmz,"Directions from 5C4H+FPH, Mahona Bhabanipur, Bangladesh to 5C5J+3H4, Bangladesh",B,2,TRUE,"Silken Sewing Ltd., Dhaka - Mymensingh Highway",90.4280645,24.1589399,0
1glCWjUkunb53ol4WZeo9BNhP_qehaVfg,1glCWjUkunb53ol4WZeo9BNhP_qehaVfg-P225,2025.EIS.000066.kmz,"Directions from 5C4H+FPH, Mahona Bhabanipur, Bangladesh to 5C5J+3H4, Bangladesh",C,3,TRUE,"5C5J+3H4, Bangladesh",90.4312715,24.15712,0
1gnNgAjhUwQsi06BqgqcLCSmZgFKcTy5o,1gnNgAjhUwQsi06BqgqcLCSmZgFKcTy5o-P226,2025.EIS.000103.kmz,"Directions from চৌধুরী নগর আবাসিক এলাকা to Image garments,chittagong",A,1,TRUE,চৌধুরী নগর আবাসিক এলাকা,91.8022761,22.3738208,0
1gnNgAjhUwQsi06BqgqcLCSmZgFKcTy5o,1gnNgAjhUwQsi06BqgqcLCSmZgFKcTy5o-P227,2025.EIS.000103.kmz,"Directions from চৌধুরী নগর আবাসিক এলাকা to Image garments,chittagong",B,2,TRUE,"22.377092, 91.808329",91.8083275,22.3770817,0
1gnNgAjhUwQsi06BqgqcLCSmZgFKcTy5o,1gnNgAjhUwQsi06BqgqcLCSmZgFKcTy5o-P228,2025.EIS.000103.kmz,"Directions from চৌধুরী নগর আবাসিক এলাকা to Image garments,chittagong",C,3,TRUE,"Image garments,chittagong",91.8182524,22.3690606,0
1h9aGIP85uQpQZ8tTtNZqh_6Cux0_shEV,1h9aGIP85uQpQZ8tTtNZqh_6Cux0_shEV-P229,2025.EIS.000050.kmz,"Directions from Fin-Bangla Apparels Ltd, Deger Chla Road, Gazipur to 2CJH+QHR, Bangladesh",A,1,TRUE,"Fin-Bangla Apparels Ltd, Deger Chla Road, Gazipur",90.3847238,23.9639296,0
1h9aGIP85uQpQZ8tTtNZqh_6Cux0_shEV,1h9aGIP85uQpQZ8tTtNZqh_6Cux0_shEV-P230,2025.EIS.000050.kmz,"Directions from Fin-Bangla Apparels Ltd, Deger Chla Road, Gazipur to 2CJH+QHR, Bangladesh",B,2,TRUE,"XCC8+QW2, Gazipur, Bangladesh",90.4171947,23.972166,0
1h9aGIP85uQpQZ8tTtNZqh_6Cux0_shEV,1h9aGIP85uQpQZ8tTtNZqh_6Cux0_shEV-P231,2025.EIS.000050.kmz,"Directions from Fin-Bangla Apparels Ltd, Deger Chla Road, Gazipur to 2CJH+QHR, Bangladesh",C,3,TRUE,"2CJH+QHR, Bangladesh",90.4291939,24.0322445,0
1hCTEUSnqYXLNSS5H6c6W3ZnEbUh8ZORB,1hCTEUSnqYXLNSS5H6c6W3ZnEbUh8ZORB-P232,2025.EIS.000051.kmz,"Directions from Jagir Magshimul Jame Masjid to Tarasima Apparels Limited, N5, Manikganj",A,1,TRUE,Jagir Magshimul Jame Masjid,90.030035,23.8928791,0
1hCTEUSnqYXLNSS5H6c6W3ZnEbUh8ZORB,1hCTEUSnqYXLNSS5H6c6W3ZnEbUh8ZORB-P233,2025.EIS.000051.kmz,"Directions from Jagir Magshimul Jame Masjid to Tarasima Apparels Limited, N5, Manikganj",B,2,TRUE,"W23R+GVG, Bangladesh",90.0429883,23.9047163,0
1hCTEUSnqYXLNSS5H6c6W3ZnEbUh8ZORB,1hCTEUSnqYXLNSS5H6c6W3ZnEbUh8ZORB-P234,2025.EIS.000051.kmz,"Directions from Jagir Magshimul Jame Masjid to Tarasima Apparels Limited, N5, Manikganj",C,3,TRUE,"Tarasima Apparels Limited, N5, Manikganj",90.0517183,23.9056592,0
1iHoVcByiGGpYp5hhaPSd0PfXRywcSvDV,1iHoVcByiGGpYp5hhaPSd0PfXRywcSvDV-P235,2025.EIS.000042.kmz,"Directions from Niaz Murshed Apon High School to EPYLLION Knitwears Limited, Bandar",A,1,TRUE,Niaz Murshed Apon High School,90.5373241,23.7204095,0
1iHoVcByiGGpYp5hhaPSd0PfXRywcSvDV,1iHoVcByiGGpYp5hhaPSd0PfXRywcSvDV-P236,2025.EIS.000042.kmz,"Directions from Niaz Murshed Apon High School to EPYLLION Knitwears Limited, Bandar",B,2,TRUE,"Dewanbag/দেওয়ানবাগ, Narayanganj",90.5412176,23.6922596,0
1iHoVcByiGGpYp5hhaPSd0PfXRywcSvDV,1iHoVcByiGGpYp5hhaPSd0PfXRywcSvDV-P237,2025.EIS.000042.kmz,"Directions from Niaz Murshed Apon High School to EPYLLION Knitwears Limited, Bandar",C,3,TRUE,"EPYLLION Knitwears Limited, Bandar",90.5444775,23.6912782,0
1j4e1QcA3NR9JJNO13N0B_4ClObmXxj6f,1j4e1QcA3NR9JJNO13N0B_4ClObmXxj6f-P238,2024.EIS.000039.kmz,"Directions from Bashaid, V8H3+CJF, Bangladesh to Shangu Tex Unit2, N511, আশুলিয়া",A,1,TRUE,"Bashaid, V8H3+CJF, Bangladesh",90.3047063,23.8785438,0
1j4e1QcA3NR9JJNO13N0B_4ClObmXxj6f,1j4e1QcA3NR9JJNO13N0B_4ClObmXxj6f-P239,2024.EIS.000039.kmz,"Directions from Bashaid, V8H3+CJF, Bangladesh to Shangu Tex Unit2, N511, আশুলিয়া",B,2,TRUE,"V8J4+672, Ashulia, Bangladesh",90.3055742,23.8795618,0
1j4e1QcA3NR9JJNO13N0B_4ClObmXxj6f,1j4e1QcA3NR9JJNO13N0B_4ClObmXxj6f-P240,2024.EIS.000039.kmz,"Directions from Bashaid, V8H3+CJF, Bangladesh to Shangu Tex Unit2, N511, আশুলিয়া",C,3,TRUE,"Shangu Tex Unit2, N511, আশুলিয়া",90.3038165,23.8847486,0
1mC4h-W-iogQ3AwDLdq1zKxnc8IsTAYNW,1mC4h-W-iogQ3AwDLdq1zKxnc8IsTAYNW-P241,2026.EIS.000128.kmz,"Directions from Energypac Fashions Limited to 49HF+JR6, Pirozali, Bangladesh",A,1,TRUE,Energypac Fashions Limited,90.3859799,24.1267396,0
1mC4h-W-iogQ3AwDLdq1zKxnc8IsTAYNW,1mC4h-W-iogQ3AwDLdq1zKxnc8IsTAYNW-P242,2026.EIS.000128.kmz,"Directions from Energypac Fashions Limited to 49HF+JR6, Pirozali, Bangladesh",B,2,TRUE,Sarak Ghat Bazar,90.3745368,24.1289531,0
1mC4h-W-iogQ3AwDLdq1zKxnc8IsTAYNW,1mC4h-W-iogQ3AwDLdq1zKxnc8IsTAYNW-P243,2026.EIS.000128.kmz,"Directions from Energypac Fashions Limited to 49HF+JR6, Pirozali, Bangladesh",C,3,TRUE,"49HF+JR6, Pirozali, Bangladesh",90.3745104,24.128956,0
1mIsYFbldja13QdwYsv1fejdkJyKuvgub,1mIsYFbldja13QdwYsv1fejdkJyKuvgub-P244,2025.EIS.000094.kmz,"Directions from Anupam Hosiery Industries Pvt(Ltd). Al-Muslim Group,, ঢাকা - সিলেট মহাসড়ক to QG3G+VCR, Bangladesh",A,1,TRUE,"Anupam Hosiery Industries Pvt(Ltd). Al-Muslim Group,, ঢাকা - সিলেট মহাসড়ক",90.5601115,23.7746531,0
1mIsYFbldja13QdwYsv1fejdkJyKuvgub,1mIsYFbldja13QdwYsv1fejdkJyKuvgub-P245,2025.EIS.000094.kmz,"Directions from Anupam Hosiery Industries Pvt(Ltd). Al-Muslim Group,, ঢাকা - সিলেট মহাসড়ক to QG3G+VCR, Bangladesh",B,2,TRUE,"Pakistan Market, Borpa",90.5459165,23.7557963,0
1mIsYFbldja13QdwYsv1fejdkJyKuvgub,1mIsYFbldja13QdwYsv1fejdkJyKuvgub-P246,2025.EIS.000094.kmz,"Directions from Anupam Hosiery Industries Pvt(Ltd). Al-Muslim Group,, ঢাকা - সিলেট মহাসড়ক to QG3G+VCR, Bangladesh",C,3,TRUE,"QG3G+VCR, Bangladesh",90.525416,23.7530627,0
1nEyNoH6Tv4gnhuCXztiMqLs8Kka-J0-A,1nEyNoH6Tv4gnhuCXztiMqLs8Kka-J0-A-P247,EIS.2025.SP.000030.kmz,"Directions from R723+G3P, Hemayetpur, Bangladesh to R734+765, Bangladesh",A,1,TRUE,"R723+G3P, Hemayetpur, Bangladesh",90.2528533,23.8011693,0
1nEyNoH6Tv4gnhuCXztiMqLs8Kka-J0-A,1nEyNoH6Tv4gnhuCXztiMqLs8Kka-J0-A-P248,EIS.2025.SP.000030.kmz,"Directions from R723+G3P, Hemayetpur, Bangladesh to R734+765, Bangladesh",B,2,TRUE,"R723+G5C, Bangladesh",90.2528277,23.8012293,0
1nEyNoH6Tv4gnhuCXztiMqLs8Kka-J0-A,1nEyNoH6Tv4gnhuCXztiMqLs8Kka-J0-A-P249,EIS.2025.SP.000030.kmz,"Directions from R723+G3P, Hemayetpur, Bangladesh to R734+765, Bangladesh",C,3,TRUE,"R734+765, Bangladesh",90.2553402,23.8033498,0
1nniF5ncWYhcYO_0bYrVDT7WWirE60fVU,1nniF5ncWYhcYO_0bYrVDT7WWirE60fVU-P250,2026.EIS.000141.kmz,"Directions from Body Fashion Ltd, Gazipur to 23.994416, 90.346546",A,1,TRUE,"Body Fashion Ltd, Gazipur",90.3560965,23.9912013,0
1nniF5ncWYhcYO_0bYrVDT7WWirE60fVU,1nniF5ncWYhcYO_0bYrVDT7WWirE60fVU-P251,2026.EIS.000141.kmz,"Directions from Body Fashion Ltd, Gazipur to 23.994416, 90.346546",B,2,TRUE,"23.991859, 90.352601",90.3526084,23.991866,0
1nniF5ncWYhcYO_0bYrVDT7WWirE60fVU,1nniF5ncWYhcYO_0bYrVDT7WWirE60fVU-P252,2026.EIS.000141.kmz,"Directions from Body Fashion Ltd, Gazipur to 23.994416, 90.346546",C,3,TRUE,"23.994416, 90.346546",90.3465424,23.9944147,0
1pk5FsrW6R22yhoJNDn0Y3bqIR31HlqaS,1pk5FsrW6R22yhoJNDn0Y3bqIR31HlqaS-P253,2026.EIS.BEPZA.000024.kmz,Directions from Uttara Sweater Manufacturing Company Ltd to Paschim Arazi Charaikhola,A,1,TRUE,Uttara Sweater Manufacturing Company Ltd,88.8623669,25.858793,0
1pk5FsrW6R22yhoJNDn0Y3bqIR31HlqaS,1pk5FsrW6R22yhoJNDn0Y3bqIR31HlqaS-P254,2026.EIS.BEPZA.000024.kmz,Directions from Uttara Sweater Manufacturing Company Ltd to Paschim Arazi Charaikhola,B,2,TRUE,"VV59+XPG, Bangladesh",88.8688646,25.8596626,0
1pk5FsrW6R22yhoJNDn0Y3bqIR31HlqaS,1pk5FsrW6R22yhoJNDn0Y3bqIR31HlqaS-P255,2026.EIS.BEPZA.000024.kmz,Directions from Uttara Sweater Manufacturing Company Ltd to Paschim Arazi Charaikhola,C,3,TRUE,Paschim Arazi Charaikhola,88.8461312,25.8697495,0
1rTJx0icVwhzVZtgbvkfADYWGR6e8UySG,1rTJx0icVwhzVZtgbvkfADYWGR6e8UySG-P256,2024.EIS.000043.kmz,"Directions from RQVH+PH7, Bangladesh to Tarasima Apparels Limited, N5, Manikganj",A,1,TRUE,"RQVH+PH7, Bangladesh",89.7788564,23.8449131,0
1rTJx0icVwhzVZtgbvkfADYWGR6e8UySG,1rTJx0icVwhzVZtgbvkfADYWGR6e8UySG-P257,2024.EIS.000043.kmz,"Directions from RQVH+PH7, Bangladesh to Tarasima Apparels Limited, N5, Manikganj",B,2,TRUE,"Bara Boali Bridge, Dhaka - Aricha Highway",89.7970778,23.839774,0
1rTJx0icVwhzVZtgbvkfADYWGR6e8UySG,1rTJx0icVwhzVZtgbvkfADYWGR6e8UySG-P258,2024.EIS.000043.kmz,"Directions from RQVH+PH7, Bangladesh to Tarasima Apparels Limited, N5, Manikganj",C,3,TRUE,"Tarasima Apparels Limited, N5, Manikganj",90.0517183,23.9056592,0
1rTWHRsBhAP1DdqIbLCmihuiP-C7cp88a,1rTWHRsBhAP1DdqIbLCmihuiP-C7cp88a-P259,2025.EIS.000060.kmz,"Directions from Colotex Apparel Limited- কলোটেক্স এ্যাপারেল লিমিটেড, Gazipur to Telipara, Gazipur",A,1,TRUE,"Colotex Apparel Limited- কলোটেক্স এ্যাপারেল লিমিটেড, Gazipur",90.3845102,24.0182957,0
1rTWHRsBhAP1DdqIbLCmihuiP-C7cp88a,1rTWHRsBhAP1DdqIbLCmihuiP-C7cp88a-P260,2025.EIS.000060.kmz,"Directions from Colotex Apparel Limited- কলোটেক্স এ্যাপারেল লিমিটেড, Gazipur to Telipara, Gazipur",B,2,TRUE,"Teknagopara,Behind S S Filling Station, Gazipur",90.3831964,24.0049259,0
1rTWHRsBhAP1DdqIbLCmihuiP-C7cp88a,1rTWHRsBhAP1DdqIbLCmihuiP-C7cp88a-P261,2025.EIS.000060.kmz,"Directions from Colotex Apparel Limited- কলোটেক্স এ্যাপারেল লিমিটেড, Gazipur to Telipara, Gazipur",C,3,TRUE,"Telipara, Gazipur",90.3854164,23.9963195,0
1sSBqoI5_qxeCLFpxjVPkeVm78nmjXicO,1sSBqoI5_qxeCLFpxjVPkeVm78nmjXicO-P262,2025.EIS.000068.kmz,"Directions from Graphics Textiles Limited, N 5, Dhamrai to Boro jathail play ground",A,1,TRUE,"Graphics Textiles Limited, N 5, Dhamrai",90.1245166,23.9195238,0
1sSBqoI5_qxeCLFpxjVPkeVm78nmjXicO,1sSBqoI5_qxeCLFpxjVPkeVm78nmjXicO-P263,2025.EIS.000068.kmz,"Directions from Graphics Textiles Limited, N 5, Dhamrai to Boro jathail play ground",B,2,TRUE,"236H+2XH, Balia, Bangladesh",90.0798044,24.0099932,0
1sSBqoI5_qxeCLFpxjVPkeVm78nmjXicO,1sSBqoI5_qxeCLFpxjVPkeVm78nmjXicO-P264,2025.EIS.000068.kmz,"Directions from Graphics Textiles Limited, N 5, Dhamrai to Boro jathail play ground",C,3,TRUE,Boro jathail play ground,90.0705765,24.0137448,0
1tAAzwOA-b4Ecgb9rbvhqMOXGG2hmOUHt,1tAAzwOA-b4Ecgb9rbvhqMOXGG2hmOUHt-P265,2026.EIS.BEPZA.000025.kmz,Directions from MQ5F+QX4 Chirirbandar to Section Seven International Limited Building 1,A,1,TRUE,MQ5F+QX4 Chirirbandar,88.7749621,25.6593852,0
1tAAzwOA-b4Ecgb9rbvhqMOXGG2hmOUHt,1tAAzwOA-b4Ecgb9rbvhqMOXGG2hmOUHt-P266,2026.EIS.BEPZA.000025.kmz,Directions from MQ5F+QX4 Chirirbandar to Section Seven International Limited Building 1,B,2,TRUE,"QV93+M4X, Dhaka - Dinajpur Hwy",88.8529204,25.7692357,0
1tAAzwOA-b4Ecgb9rbvhqMOXGG2hmOUHt,1tAAzwOA-b4Ecgb9rbvhqMOXGG2hmOUHt-P267,2026.EIS.BEPZA.000025.kmz,Directions from MQ5F+QX4 Chirirbandar to Section Seven International Limited Building 1,C,3,TRUE,Section Seven International Limited Building 1,88.8603896,25.8581685,0
1tSHSBLEnc8tRr2iRTqRdOJqsHMkcYO4P,1tSHSBLEnc8tRr2iRTqRdOJqsHMkcYO4P-P268,2026.EIS.000142.kmz,"Directions from F73M+FJ4, Z3037, Bangladesh to Z3037, Bangladesh",A,1,TRUE,"F73M+FJ4, Z3037, Bangladesh",90.2841128,24.4537785,0
1tSHSBLEnc8tRr2iRTqRdOJqsHMkcYO4P,1tSHSBLEnc8tRr2iRTqRdOJqsHMkcYO4P-P269,2026.EIS.000142.kmz,"Directions from F73M+FJ4, Z3037, Bangladesh to Z3037, Bangladesh",B,2,TRUE,"Z3037, Bangladesh",90.2865485,24.4528427,0
1tSHSBLEnc8tRr2iRTqRdOJqsHMkcYO4P,1tSHSBLEnc8tRr2iRTqRdOJqsHMkcYO4P-P270,2026.EIS.000142.kmz,"Directions from F73M+FJ4, Z3037, Bangladesh to Z3037, Bangladesh",C,3,TRUE,"Z3037, Bangladesh",90.3383376,24.4457847,0
1ul83dtSs3tPwM78aziPcEJpKWR2IJXsz,1ul83dtSs3tPwM78aziPcEJpKWR2IJXsz-P271,2026.EIS.000139.kmz,"Directions from MGWM+QX7, Kanchpur, Bangladesh to Kanchpur Union Parishad, MGXF+R5V, Kanchpur",A,1,TRUE,"MGWM+QX7, Kanchpur, Bangladesh",90.5349764,23.6967319,0
1ul83dtSs3tPwM78aziPcEJpKWR2IJXsz,1ul83dtSs3tPwM78aziPcEJpKWR2IJXsz-P272,2026.EIS.000139.kmz,"Directions from MGWM+QX7, Kanchpur, Bangladesh to Kanchpur Union Parishad, MGXF+R5V, Kanchpur",B,2,TRUE,"MGWM+QX7, Kanchpur, Bangladesh",90.534851,23.696618,0
1ul83dtSs3tPwM78aziPcEJpKWR2IJXsz,1ul83dtSs3tPwM78aziPcEJpKWR2IJXsz-P273,2026.EIS.000139.kmz,"Directions from MGWM+QX7, Kanchpur, Bangladesh to Kanchpur Union Parishad, MGXF+R5V, Kanchpur",C,3,TRUE,"Kanchpur Union Parishad, MGXF+R5V, Kanchpur",90.5230184,23.6996898,0
1vJA4s5HrtvDEFenSWFEe8AU7h-JH5-7P,1vJA4s5HrtvDEFenSWFEe8AU7h-JH5-7P-P274,2025.EIS.000053.kmz,"Directions from Ananta Denim Technology Ltd. to Chanpur, বন্দর, Bangladesh",A,1,TRUE,Ananta Denim Technology Ltd.,90.5348378,23.6945997,0
1vJA4s5HrtvDEFenSWFEe8AU7h-JH5-7P,1vJA4s5HrtvDEFenSWFEe8AU7h-JH5-7P-P275,2025.EIS.000053.kmz,"Directions from Ananta Denim Technology Ltd. to Chanpur, বন্দর, Bangladesh",B,2,TRUE,"MGWM+WV7, Bangladesh",90.5343032,23.6970458,0
1vJA4s5HrtvDEFenSWFEe8AU7h-JH5-7P,1vJA4s5HrtvDEFenSWFEe8AU7h-JH5-7P-P276,2025.EIS.000053.kmz,"Directions from Ananta Denim Technology Ltd. to Chanpur, বন্দর, Bangladesh",C,3,TRUE,"Chanpur, বন্দর, Bangladesh",90.5513264,23.6948003,0
1w32L8d1v_VwpouefL4FlODFUX5bNxRfB,1w32L8d1v_VwpouefL4FlODFUX5bNxRfB-P277,EIS.2026.SP.000056.kmz,"Directions from Garments Export Village Limited, Maa Tower, M. Road, Tongi to Gazibari Pukurpar, Tongi",A,1,TRUE,"Garments Export Village Limited, Maa Tower, M. Road, Tongi",90.4036449,23.8987414,0
1w32L8d1v_VwpouefL4FlODFUX5bNxRfB,1w32L8d1v_VwpouefL4FlODFUX5bNxRfB-P278,EIS.2026.SP.000056.kmz,"Directions from Garments Export Village Limited, Maa Tower, M. Road, Tongi to Gazibari Pukurpar, Tongi",B,2,TRUE,"VCW3+478, Tongi, Bangladesh",90.4034866,23.8952834,0
1w32L8d1v_VwpouefL4FlODFUX5bNxRfB,1w32L8d1v_VwpouefL4FlODFUX5bNxRfB-P279,EIS.2026.SP.000056.kmz,"Directions from Garments Export Village Limited, Maa Tower, M. Road, Tongi to Gazibari Pukurpar, Tongi",C,3,TRUE,"Gazibari Pukurpar, Tongi",90.406561,23.8929182,0
1xSbpur4D7YicbDcu31if17zb-L7cqzgw,1xSbpur4D7YicbDcu31if17zb-L7cqzgw-P280,2026.EIS.000153.kmz,"Directions from Brothers Fashion Ltd. Team Group, Dhaka - Mymensingh Road, Gazipur to X9F8+HPR, বাসন সড়ক, Gazipur",A,1,TRUE,"Brothers Fashion Ltd. Team Group, Dhaka - Mymensingh Road, Gazipur",90.3811368,23.9837991,0
1xSbpur4D7YicbDcu31if17zb-L7cqzgw,1xSbpur4D7YicbDcu31if17zb-L7cqzgw-P281,2026.EIS.000153.kmz,"Directions from Brothers Fashion Ltd. Team Group, Dhaka - Mymensingh Road, Gazipur to X9F8+HPR, বাসন সড়ক, Gazipur",B,2,TRUE,"23.983761, 90.381425",90.3814264,23.9837686,0
1xSbpur4D7YicbDcu31if17zb-L7cqzgw,1xSbpur4D7YicbDcu31if17zb-L7cqzgw-P282,2026.EIS.000153.kmz,"Directions from Brothers Fashion Ltd. Team Group, Dhaka - Mymensingh Road, Gazipur to X9F8+HPR, বাসন সড়ক, Gazipur",C,3,TRUE,"X9F8+HPR, বাসন সড়ক, Gazipur",90.3677409,23.9740836,0
1y84Doc5IrM7ccPeLpkHtyNgG5DFEE5pf,1y84Doc5IrM7ccPeLpkHtyNgG5DFEE5pf-P283,2026.EIS.000125.kmz,"Directions from W99X+4F9, Tongi, Bangladesh to Cotton Clothing (bd) Ltd, Sataish Road, Tongi",A,1,TRUE,"W99X+4F9, Tongi, Bangladesh",90.3989461,23.9176334,0
1y84Doc5IrM7ccPeLpkHtyNgG5DFEE5pf,1y84Doc5IrM7ccPeLpkHtyNgG5DFEE5pf-P284,2026.EIS.000125.kmz,"Directions from W99X+4F9, Tongi, Bangladesh to Cotton Clothing (bd) Ltd, Sataish Road, Tongi",B,2,TRUE,"110 Hassan Ln, Tongi, Bangladesh",90.3996471,23.9122103,0
1y84Doc5IrM7ccPeLpkHtyNgG5DFEE5pf,1y84Doc5IrM7ccPeLpkHtyNgG5DFEE5pf-P285,2026.EIS.000125.kmz,"Directions from W99X+4F9, Tongi, Bangladesh to Cotton Clothing (bd) Ltd, Sataish Road, Tongi",C,3,TRUE,"Cotton Clothing (bd) Ltd, Sataish Road, Tongi",90.3889812,23.9201478,0
1yKViYBPJcqYuwbtKL90NThY8yDoU_PhJ,1yKViYBPJcqYuwbtKL90NThY8yDoU_PhJ-P286,2025.EIS.000118.kmz,"Directions from Essential Clothing Limited, Mouchak - Fulbaria Road to 24.071832, 90.306248",A,1,TRUE,"Essential Clothing Limited, Mouchak - Fulbaria Road",90.3153283,24.0631819,0
1yKViYBPJcqYuwbtKL90NThY8yDoU_PhJ,1yKViYBPJcqYuwbtKL90NThY8yDoU_PhJ-P287,2025.EIS.000118.kmz,"Directions from Essential Clothing Limited, Mouchak - Fulbaria Road to 24.071832, 90.306248",B,2,TRUE,"24.070808, 90.312367",90.3123646,24.0708029,0
1yKViYBPJcqYuwbtKL90NThY8yDoU_PhJ,1yKViYBPJcqYuwbtKL90NThY8yDoU_PhJ-P288,2025.EIS.000118.kmz,"Directions from Essential Clothing Limited, Mouchak - Fulbaria Road to 24.071832, 90.306248",C,3,TRUE,"24.071832, 90.306248",90.3060703,24.071825,0
1yLfwmNq7mUOf-i7nKhJBn0nc94yfl-sM,1yLfwmNq7mUOf-i7nKhJBn0nc94yfl-sM-P289,2026.EIS.000154.kmz,"Directions from Surma Bagan to Saiham Knit Composite Ltd., Jagadishpur - Noapara Road, Noapara",A,1,TRUE,Surma Bagan,91.3990196,24.1351467,0
1yLfwmNq7mUOf-i7nKhJBn0nc94yfl-sM,1yLfwmNq7mUOf-i7nKhJBn0nc94yfl-sM-P290,2026.EIS.000154.kmz,"Directions from Surma Bagan to Saiham Knit Composite Ltd., Jagadishpur - Noapara Road, Noapara",B,2,TRUE,"AH2, Bangladesh",91.3491444,24.174705,0
1yLfwmNq7mUOf-i7nKhJBn0nc94yfl-sM,1yLfwmNq7mUOf-i7nKhJBn0nc94yfl-sM-P291,2026.EIS.000154.kmz,"Directions from Surma Bagan to Saiham Knit Composite Ltd., Jagadishpur - Noapara Road, Noapara",C,3,TRUE,"Saiham Knit Composite Ltd., Jagadishpur - Noapara Road, Noapara",91.3541437,24.1829477,0
1zh5jdg85WVbcRsZPqDugVD3t2fGdLEGs,1zh5jdg85WVbcRsZPqDugVD3t2fGdLEGs-P292,2025.EIS.000109.kmz,"Directions from BSKL-BANGLADESH SPINNERS & KNITTERS (PVT.) LTD. to 7QVP+G2R, Chattogram",A,1,TRUE,BSKL-BANGLADESH SPINNERS & KNITTERS (PVT.) LTD.,91.773389,22.2844406,0
1zh5jdg85WVbcRsZPqDugVD3t2fGdLEGs,1zh5jdg85WVbcRsZPqDugVD3t2fGdLEGs-P293,2025.EIS.000109.kmz,"Directions from BSKL-BANGLADESH SPINNERS & KNITTERS (PVT.) LTD. to 7QVP+G2R, Chattogram",B,2,TRUE,Cepz,91.7781973,22.2930208,0
1zh5jdg85WVbcRsZPqDugVD3t2fGdLEGs,1zh5jdg85WVbcRsZPqDugVD3t2fGdLEGs-P294,2025.EIS.000109.kmz,"Directions from BSKL-BANGLADESH SPINNERS & KNITTERS (PVT.) LTD. to 7QVP+G2R, Chattogram",C,3,TRUE,"7QVP+G2R, Chattogram",91.7850354,22.2935529,0